Energy commodities;Sectors;Periods;From supply/Total Primary Energy Supply (PJ);From supply/Indigenous production (PJ);From supply/Receipts of energy (PJ);From supply/Deliveries of energy (-) (PJ);From supply/Stock change (PJ);From supply/Statistical differences (PJ);From consumption/Total energy consumption (PJ);From consumption/Energy transformation/Total net energy transformation (PJ);From consumption/Own use (PJ);From consumption/Distribution losses (PJ);From consumption/Final energy consumption (PJ);From consumption/Non-energy use (PJ)
Total energy commodities;Total energy sector and final users;1990;2828,2;2542,2;12231;11916,5;10,1;-38,7;2866,9;438,7;199;14,8;1799;415,5
Total energy commodities;Total energy sector and final users;1991;2938,3;2831,9;12052,6;11902,4;-8,3;-35,5;2973,8;433,5;211;16,7;1902,5;410,1
Total energy commodities;Total energy sector and final users;1992;2915,8;2839;11737;11584,5;-35,7;-40;2955,9;452,2;204,2;17,1;1871,4;411
Total energy commodities;Total energy sector and final users;1993;2976,5;2892,2;13017,2;12898,9;8,2;-42,1;3018,7;464,8;211,7;18,1;1928,7;395,4
Total energy commodities;Total energy sector and final users;1994;2991,1;2802,6;12525,3;12261,6;-39,5;-35,8;3026,8;474,3;211,7;18,9;1892,3;429,7
Total energy commodities;Total energy sector and final users;1995;3084,6;2815;12721,5;12506,1;76,6;-22,4;3107;467;210,1;19,6;1963,4;446,8
Total energy commodities;Total energy sector and final users;1996;3254,8;3146,7;13700,7;13555,1;-4,8;-32,7;3287,5;479,2;213,8;21;2128,1;445,4
Total energy commodities;Total energy sector and final users;1997;3148,2;2799,7;13868,3;13467,3;-27,6;-24,9;3173,1;479,6;204,4;20,3;2001,9;467
Total energy commodities;Total energy sector and final users;1998;3166,8;2688,6;14144,6;13607,5;-43,7;-15,2;3182;500,7;204,9;21,6;1999,4;455,4
Total energy commodities;Total energy sector and final users;1999;3107,5;2515,5;13809,8;13320,2;130,9;-28,5;3136;471,6;189,7;21,5;1995,2;458
Total energy commodities;Total energy sector and final users;2000;3146,4;2456,8;14907,6;14099,4;-107;-11,6;3158;488,1;187,5;22,2;1989,4;470,7
Total energy commodities;Total energy sector and final users;2001;3231;2573,9;15181,3;14537,1;14,3;-1,3;3232,3;530,8;189,2;22,9;2022,7;466,7
Total energy commodities;Total energy sector and final users;2002;3264,7;2574,9;15540,3;14899,6;39,1;10;3254,7;526,6;185,3;23,3;2019,9;499,6
Total energy commodities;Total energy sector and final users;2003;3374,2;2477,5;15760,8;14903,5;32,2;7,1;3367,1;544,3;187,4;23,7;2051,2;560,4
Total energy commodities;Total energy sector and final users;2004;3410,4;2863,3;16448,1;15860,2;-45,6;4,8;3405,6;554,1;195,2;24,6;2072,9;558,8
Total energy commodities;Total energy sector and final users;2005;3363,6;2622,3;16422,6;15616,6;-50,1;-14,5;3378,2;538;201,1;24,5;2049;565,6
Total energy commodities;Total energy sector and final users;2006;3323,7;2583,7;17068;16288,1;-43,1;3,2;3320,5;509,5;190,6;24,7;2037,1;558,6
Total energy commodities;Total energy sector and final users;2007;3316,1;2532,1;16644;15910,6;52,6;-2;3318;532,6;204,7;23,6;1998,1;559
Total energy commodities;Total energy sector and final users;2008;3283,7;2845,6;16910,8;16373;-96;-3,8;3287,5;520,3;196,6;23,4;2035,2;511,9
Total energy commodities;Total energy sector and final users;2009;3241,1;2646,2;16508,7;15905,9;4,1;-12;3253,1;531,2;191,3;22,8;1969,3;538,5
Total energy commodities;Total energy sector and final users;2010;3472,6;2990,2;17728,4;17246,2;12,5;-12,4;3485;541,6;197,5;24,4;2118,4;603,1
Total energy commodities;Total energy sector and final users;2011;3237,2;2794,2;17196,8;16839,8;99,2;-13,1;3250,3;508,9;209,8;22,6;1953,6;555,4
Total energy commodities;Total energy sector and final users;2012;3251,2;2787,5;17624,5;17059,1;-92,8;-9;3260,2;500,3;201,3;22,1;1963,9;572,5
Total energy commodities;Total energy sector and final users;2013;3165,3;2942,3;17118,2;16890,8;14,6;-19;3184,3;481;201,7;22;1957,1;522,5
Total energy commodities;Total energy sector and final users;2014;3010,1;2554;17146,7;16585,6;-86,3;-18,7;3028,7;521,2;198,2;20,9;1764,6;523,8
Total energy commodities;Total energy sector and final users;2015;3070,6;2034,6;19839,9;18647,3;-137,8;-18,7;3089,3;541;210,1;27,1;1801,4;509,7
Total energy commodities;Total energy sector and final users;2016;3123,8;1955,6;20168,4;19116;124,9;-9,1;3132,9;522,1;204,5;28,2;1845,3;532,8
Total energy commodities;Total energy sector and final users;2017;3149,2;1751,8;20327,7;19004,7;75,9;-1,3;3150,5;502,9;197,8;27,9;1851,4;570,4
Total energy commodities;Total energy sector and final users;2018;3099,4;1561,2;19965,2;18367,4;-64,9;5,5;3093,9;467,2;202,4;27,3;1865;532
Total energy commodities;Total energy sector and final users;2019;3045,2;1406,4;19991,4;18272,9;-84,7;5;3040,2;471;214;26,5;1830,8;497,9
Total energy commodities;Total energy sector and final users;2020;2949,6;1170,3;18475,5;16666,9;-52,1;22,8;2926,8;438,8;192,6;25,6;1731,9;537,9
Total energy commodities;Total energy sector and final users;2021**;3031,5;1131,7;18945,1;17520,9;464,3;11,4;3020,1;457,2;205,4;25,9;1795,3;536,2
Total energy commodities;Total energy sector and final users;2022**;2714,5;1034,4;19105,7;17045,3;-362,9;-17,3;2731,8;454,2;193,6;25,9;1626,5;431,6
Total energy commodities;Total energy sector;1990;591,7;2492,3;6641,2;8539,9;-1,9;;591,7;379,5;197,4;14,8;;
Total energy commodities;Total energy sector;1991;609,8;2777,6;5966,5;8151,1;16,7;;609,8;383,6;209,4;16,7;;
Total energy commodities;Total energy sector;1992;621,3;2779,5;5933,4;8053,7;-37,8;;621,3;401,8;202,5;17,1;;
Total energy commodities;Total energy sector;1993;642,6;2827,7;6799,6;8986,1;1,3;;642,6;415,1;209,4;18,1;;
Total energy commodities;Total energy sector;1994;653;2737;6018,3;8102,6;0,3;;653;424,4;209,6;18,9;;
Total energy commodities;Total energy sector;1995;645;2746,1;6346,6;8462,7;15;;645;417,3;208,1;19,6;;
Total energy commodities;Total energy sector;1996;653,4;3070,1;6852,3;9274,4;5,4;;653,4;420,9;211,4;21;;
Total energy commodities;Total energy sector;1997;641,5;2713,7;6966;9027,4;-10,7;;641,5;419,5;201,7;20,3;;
Total energy commodities;Total energy sector;1998;660,7;2599,3;7080,6;9051,8;32,6;;660,7;436,9;202,1;21,6;;
Total energy commodities;Total energy sector;1999;615;2422,8;6935,3;8762,7;19,6;;615;406,5;186,9;21,5;;
Total energy commodities;Total energy sector;2000;629,9;2362,1;7583,4;9245,3;-70,4;;629,9;422,9;184,8;22,2;;
Total energy commodities;Total energy sector;2001;674,9;2480;7734,5;9551,2;11,6;;674,9;465,6;186,5;22,9;;
Total energy commodities;Total energy sector;2002;667,9;2473,5;7651,2;9466,2;9,4;;667,9;462;182,5;23,3;;
Total energy commodities;Total energy sector;2003;686,4;2371,1;7850,8;9562,5;27,1;;686,4;478;184,7;23,7;;
Total energy commodities;Total energy sector;2004;701,3;2753,6;7971,3;10016,5;-7,1;;701,3;484,2;192,5;24,6;;
Total energy commodities;Total energy sector;2005;687,9;2506,6;8165,7;9949,5;-35;;687,9;465,2;198,1;24,5;;
Total energy commodities;Total energy sector;2006;651;2464,2;8075;9883,8;-4,3;;651;438,9;187,4;24,7;;
Total energy commodities;Total energy sector;2007;684;2400,1;7936,9;9697,4;44,3;;684;458,9;201,5;23,6;;
Total energy commodities;Total energy sector;2008;652,1;2705,4;7945,3;9963,8;-34,8;;652,1;435,9;192,8;23,4;;
Total energy commodities;Total energy sector;2009;659,5;2496,1;7752,4;9580,5;-8,6;;659,5;449,3;187,4;22,8;;
Total energy commodities;Total energy sector;2010;673,1;2832,8;8004,4;10146,8;-17,4;;673,1;455,2;193,4;24,4;;
Total energy commodities;Total energy sector;2011;650,1;2630,8;7709,7;9728,6;38,2;;650,1;422;205,6;22,6;;
Total energy commodities;Total energy sector;2012;634,4;2592,2;7713,2;9638;-33;;634,4;415,5;196,7;22,1;;
Total energy commodities;Total energy sector;2013;608,3;2726,8;7487,8;9622,1;15,8;;608,3;389,1;197,3;22;;
Total energy commodities;Total energy sector;2014;646,2;2325;7659,4;9283,3;-54,8;;646,2;431,5;193,9;20,9;;
Total energy commodities;Total energy sector;2015;679;1817,1;9512,7;10625,1;-25,7;;679;445,9;206;27,1;;
Total energy commodities;Total energy sector;2016;662,6;1743,2;9423,6;10611,5;107,4;;662,6;434,3;200,1;28,2;;
Total energy commodities;Total energy sector;2017;635,6;1516,1;9451,9;10340,1;7,7;;635,3;414,2;193,1;27,9;;
Total energy commodities;Total energy sector;2018;596;1311,8;9154,4;9804,3;-65,8;;595,9;370,9;197,8;27,3;;
Total energy commodities;Total energy sector;2019;607,9;1143,3;8836,8;9353,7;-18,5;;607,8;372;209,3;26,5;;
Total energy commodities;Total energy sector;2020;549,2;881,7;8149,2;8500,3;18,6;;549,1;335,7;187,8;25,6;;
Total energy commodities;Total energy sector;2021**;568;826,4;8231,5;8766,4;276,5;;568;341,5;200,5;25,9;;
Total energy commodities;Total energy sector;2022**;551,6;700,6;8319,4;8201,2;-267,2;;551,5;336,9;188,7;25,9;;
Total energy commodities;Total final users of energy;1990;2275,2;49,9;5589,8;3376,5;12,1;;2275,2;59,2;1,6;;1799;415,5
Total energy commodities;Total final users of energy;1991;2364,1;54,2;6086,1;3751,3;-25;;2364,1;49,9;1,6;;1902,5;410,1
Total energy commodities;Total final users of energy;1992;2334,6;59,6;5803,6;3530,8;2,1;;2334,6;50,4;1,7;;1871,4;411
Total energy commodities;Total final users of energy;1993;2376,1;64,4;6217,6;3912,9;6,9;;2376,1;49,7;2,3;;1928,7;395,4
Total energy commodities;Total final users of energy;1994;2373,9;65,6;6507;4159;-39,7;;2373,9;49,9;2;;1892,3;429,7
Total energy commodities;Total final users of energy;1995;2462;68,9;6374,9;4043,4;61,6;;2462;49,8;2;;1963,4;446,8
Total energy commodities;Total final users of energy;1996;2634,1;76,6;6848,4;4280,7;-10,2;;2634,1;58,3;2,4;;2128,1;445,4
Total energy commodities;Total final users of energy;1997;2531,6;86;6902,4;4439,9;-17;;2531,6;60,1;2,6;;2001,9;467
Total energy commodities;Total final users of energy;1998;2521,4;89,3;7063,9;4555,6;-76,2;;2521,4;63,7;2,8;;1999,4;455,4
Total energy commodities;Total final users of energy;1999;2521;92,7;6874,5;4557,5;111,3;;2521;65,1;2,8;;1995,2;458
Total energy commodities;Total final users of energy;2000;2528,1;94,7;7324,2;4854,1;-36,7;;2528,1;65,2;2,8;;1989,4;470,7
Total energy commodities;Total final users of energy;2001;2557,4;93,9;7446,8;4986;2,6;;2557,4;65,3;2,7;;2022,7;466,7
Total energy commodities;Total final users of energy;2002;2586,9;101,4;7889,2;5433,4;29,8;;2586,9;64,6;2,8;;2019,9;499,6
Total energy commodities;Total final users of energy;2003;2680,6;106,4;7910,1;5341;5,1;;2680,6;66,3;2,7;;2051,2;560,4
Total energy commodities;Total final users of energy;2004;2704,3;109,7;8476,8;5843,7;-38,5;;2704,3;69,9;2,7;;2072,9;558,8
Total energy commodities;Total final users of energy;2005;2690,3;115,7;8256,9;5667,1;-15,2;;2690,3;72,8;3;;2049;565,6
Total energy commodities;Total final users of energy;2006;2669,5;119,5;8993;6404,3;-38,8;;2669,5;70,6;3,1;;2037,1;558,6
Total energy commodities;Total final users of energy;2007;2634;132;8707,1;6213,3;8,2;;2634;73,7;3,2;;1998,1;559
Total energy commodities;Total final users of energy;2008;2635,4;140,2;8965,5;6409,2;-61,2;;2635,4;84,4;3,8;;2035,2;511,9
Total energy commodities;Total final users of energy;2009;2593,6;150,1;8756,3;6325,5;12,7;;2593,6;81,8;3,9;;1969,3;538,5
Total energy commodities;Total final users of energy;2010;2811,9;157,4;9724;7099,4;29,9;;2811,9;86,4;4,1;;2118,4;603,1
Total energy commodities;Total final users of energy;2011;2600,2;163,4;9487;7111,2;60,9;;2600,2;86,9;4,2;;1953,6;555,4
Total energy commodities;Total final users of energy;2012;2625,8;195,3;9911,4;7421,1;-59,8;;2625,8;84,8;4,6;;1963,9;572,5
Total energy commodities;Total final users of energy;2013;2576,1;215,6;9630,3;7268,7;-1,2;;2576,1;92;4,4;;1957,1;522,5
Total energy commodities;Total final users of energy;2014;2382,5;229;9487,3;7302,3;-31,5;;2382,5;89,7;4,3;;1764,6;523,8
Total energy commodities;Total final users of energy;2015;2410,3;217,5;10327,2;8022,2;-112,1;;2410,3;95,1;4,1;;1801,4;509,7
Total energy commodities;Total final users of energy;2016;2470,3;212,4;10744,9;8504,4;17,5;;2470,3;87,8;4,4;;1845,3;532,8
Total energy commodities;Total final users of energy;2017;2515,2;235,8;10875,8;8664,6;68,2;;2515,2;88,7;4,7;;1851,4;570,4
Total energy commodities;Total final users of energy;2018;2498;249,4;10810,8;8563,1;0,9;;2498;96,3;4,6;;1865;532
Total energy commodities;Total final users of energy;2019;2432,4;263,1;11154,7;8919,1;-66,2;;2432,4;99;4,7;;1830,8;497,9
Total energy commodities;Total final users of energy;2020;2377,7;288,6;10326,3;8166,5;-70,7;;2377,7;103,1;4,7;;1731,9;537,9
Total energy commodities;Total final users of energy;2021**;2452,1;305,2;10713,6;8754,5;187,8;;2452,1;115,7;4,9;;1795,3;536,2
Total energy commodities;Total final users of energy;2022**;2180,4;333,9;10786,2;8844,1;-95,7;;2180,4;117,3;4,9;;1626,5;431,6
Total coal and coal products;Total energy sector and final users;1990;366,9;;496,2;131,4;2;;366,9;303,2;21,1;;31,5;11,1
Total coal and coal products;Total energy sector and final users;1991;335,6;;461,4;125,7;-0,1;;335,6;277,3;23,3;;25,3;9,8
Total coal and coal products;Total energy sector and final users;1992;335,3;;461;125,5;-0,2;;335,3;284,6;23,9;;16,8;9,9
Total coal and coal products;Total energy sector and final users;1993;336,6;;475,9;142,1;2,8;;336,6;284,9;24,5;;17,5;9,7
Total coal and coal products;Total energy sector and final users;1994;367,2;;508,6;139,1;-2,3;;367,2;319,4;23,7;;14,5;9,5
Total coal and coal products;Total energy sector and final users;1995;373,6;;519,7;143,3;-2,9;;373,6;320,3;24,3;;18,8;10,2
Total coal and coal products;Total energy sector and final users;1996;361,1;;496,2;137,9;2,8;;361,1;309,1;23,8;;17,3;10,9
Total coal and coal products;Total energy sector and final users;1997;351,7;;504,9;143,3;-9,9;;351,7;299,7;22,2;;19,6;10,2
Total coal and coal products;Total energy sector and final users;1998;357,9;;505;143,2;-3,9;;357,9;310,8;21,7;;16,8;8,7
Total coal and coal products;Total energy sector and final users;1999;312,3;;432,4;128,5;8,4;;312,3;272,7;18,1;;15,6;5,9
Total coal and coal products;Total energy sector and final users;2000;325,2;;443,1;119,8;1,9;;325,2;288,6;17,6;;14,2;4,9
Total coal and coal products;Total energy sector and final users;2001;346,2;;475,9;128,5;-1,2;;346,2;309,1;18,7;;13,9;4,4
Total coal and coal products;Total energy sector and final users;2002;348;;469,3;122,4;1,1;;348;310,4;18,2;;15;4,4
Total coal and coal products;Total energy sector and final users;2003;359,3;;478,2;122,9;4;;359,3;321,5;18,6;;14,6;4,7
Total coal and coal products;Total energy sector and final users;2004;354,6;;478,9;120,6;-3,6;;354,6;315,5;19,6;;14,8;4,6
Total coal and coal products;Total energy sector and final users;2005;338,6;;463,2;120,2;-4,3;;338,6;299,9;19,1;;14,9;4,7
Total coal and coal products;Total energy sector and final users;2006;323,9;;437,7;118,1;4,3;;323,9;284,7;18,7;;15,9;4,6
Total coal and coal products;Total energy sector and final users;2007;351,8;;480,2;126,1;-2,3;;351,8;310;19,4;;17,4;5,1
Total coal and coal products;Total energy sector and final users;2008;333,5;;451,2;120,5;2,7;;333,5;291,4;20;;16,7;5,3
Total coal and coal products;Total energy sector and final users;2009;312,4;;395,2;89,4;6,6;;312,4;278,3;16,1;;13,9;4,2
Total coal and coal products;Total energy sector and final users;2010;315,5;;430;110,1;-4,4;;315,5;276,5;18,4;;16,5;4
Total coal and coal products;Total energy sector and final users;2011;311,4;;422,5;108,3;-2,8;;311,4;272,6;18,4;;16,1;4,3
Total coal and coal products;Total energy sector and final users;2012;341,1;;442,7;105,2;3,6;;341,1;304,6;17,7;;14,9;4
Total coal and coal products;Total energy sector and final users;2013;342,8;;445,1;110,4;8,1;;342,8;307,5;17,5;;14,2;3,6
Total coal and coal products;Total energy sector and final users;2014;378,8;;504,8;116,3;-9,8;;378,8;345,4;17,4;;14,2;1,7
Total coal and coal products;Total energy sector and final users;2015;464,2;;550,4;102,1;16;-0,1;464,3;427,8;17,6;;15,4;3,6
Total coal and coal products;Total energy sector and final users;2016;430,2;;526,6;98,2;1,9;-0,1;430,2;392;17,7;;17,3;3,2
Total coal and coal products;Total energy sector and final users;2017;385,8;;487,8;98,8;-3,2;;385,8;346,4;17,3;;19;3,1
Total coal and coal products;Total energy sector and final users;2018;346,6;;444,3;98,3;0,7;;346,6;306,8;19,2;;17,3;3,3
Total coal and coal products;Total energy sector and final users;2019;268,9;;370,6;95,8;-5,8;-0,1;269;232,4;18,8;;14,8;3
Total coal and coal products;Total energy sector and final users;2020;172,1;;252;93,8;13,9;;172,1;139,7;16,2;;13,4;2,8
Total coal and coal products;Total energy sector and final users;2021**;234,1;;399,2;166,1;1;;234,1;200,5;18,4;;13,3;2
Total coal and coal products;Total energy sector and final users;2022**;231,3;;405;169,1;-4,6;;231,3;199,7;15,4;;15;1,3
Total coal and coal products;Total energy sector;1990;317,8;;436,2;118,2;-0,2;;317,8;296,8;21,1;;;
Total coal and coal products;Total energy sector;1991;293,7;;419,6;125,7;-0,1;;293,7;270,5;23,3;;;
Total coal and coal products;Total energy sector;1992;294,8;;420,6;125,5;-0,2;;294,8;270,9;23,9;;;
Total coal and coal products;Total energy sector;1993;295,8;;423,5;128,6;0,9;;295,8;271,4;24,5;;;
Total coal and coal products;Total energy sector;1994;338,2;;472,2;133,4;-0,6;;338,2;314,6;23,7;;;
Total coal and coal products;Total energy sector;1995;341,1;;477,6;132,9;-3,6;;341,1;316,8;24,3;;;
Total coal and coal products;Total energy sector;1996;329,2;;452,3;127,9;4,8;;329,2;305,5;23,8;;;
Total coal and coal products;Total energy sector;1997;318;;452,8;124,8;-10;;318;295,8;22,2;;;
Total coal and coal products;Total energy sector;1998;327,4;;454,9;125,3;-2,2;;327,4;305,8;21,7;;;
Total coal and coal products;Total energy sector;1999;284,7;;388;110;6,7;;284,7;266,6;18,1;;;
Total coal and coal products;Total energy sector;2000;299,8;;391,7;97,3;5,4;;299,8;282,2;17,6;;;
Total coal and coal products;Total energy sector;2001;321;;427,7;101,2;-5,5;;321;302,3;18,7;;;
Total coal and coal products;Total energy sector;2002;322,1;;420,9;97,9;-0,9;;322,1;303,8;18,2;;;
Total coal and coal products;Total energy sector;2003;333,5;;431,8;101,6;3,4;;333,5;314,9;18,6;;;
Total coal and coal products;Total energy sector;2004;328,2;;434,3;105,9;-0,2;;328,2;308,5;19,6;;;
Total coal and coal products;Total energy sector;2005;312,9;;421,3;106,1;-2,3;;312,9;293,8;19,1;;;
Total coal and coal products;Total energy sector;2006;297,4;;393,4;99,8;3,8;;297,4;278,7;18,7;;;
Total coal and coal products;Total energy sector;2007;323,2;;435,5;107,4;-4,9;;323,2;303,9;19,4;;;
Total coal and coal products;Total energy sector;2008;305,1;;402,6;103,2;5,8;;305,1;285,1;20;;;
Total coal and coal products;Total energy sector;2009;288,6;;369,6;80,7;-0,3;;288,6;272,6;16,1;;;
Total coal and coal products;Total energy sector;2010;288,8;;393,6;99,7;-5,2;;288,8;270,4;18,4;;;
Total coal and coal products;Total energy sector;2011;285,1;;385,2;99,9;-0,2;;285,1;266,7;18,4;;;
Total coal and coal products;Total energy sector;2012;316,8;;410;96,1;2,8;;316,8;299,1;17,7;;;
Total coal and coal products;Total energy sector;2013;320,8;;419,2;97,6;-0,8;;320,8;303,4;17,5;;;
Total coal and coal products;Total energy sector;2014;359,6;;463,9;99,8;-4,5;;359,6;342,2;17,4;;;
Total coal and coal products;Total energy sector;2015;442,7;;528,4;102,1;16,4;;442,7;425,1;17,6;;;
Total coal and coal products;Total energy sector;2016;407,2;;502,1;98,2;3,3;;407,2;389,5;17,7;;;
Total coal and coal products;Total energy sector;2017;361,2;;465;98,3;-5,5;;361,2;343,8;17,3;;;
Total coal and coal products;Total energy sector;2018;323,3;;419,6;98;1,7;;323,3;304,1;19,2;;;
Total coal and coal products;Total energy sector;2019;248,5;;348,4;95;-4,8;;248,5;229,7;18,8;;;
Total coal and coal products;Total energy sector;2020;152,8;;232;91,5;12,3;;152,8;136,6;16,2;;;
Total coal and coal products;Total energy sector;2021**;216,4;;308,2;96,3;4,5;;216,4;198;18,4;;;
Total coal and coal products;Total energy sector;2022**;212,9;;312;94;-5,1;;212,9;197,5;15,4;;;
Total coal and coal products;Total final users of energy;1990;49;;60;13,2;2,2;;49;6,5;;;31,5;11,1
Total coal and coal products;Total final users of energy;1991;41,9;;41,9;;;;41,9;6,8;;;25,3;9,8
Total coal and coal products;Total final users of energy;1992;40,4;;40,4;;;;40,4;13,7;;;16,8;9,9
Total coal and coal products;Total final users of energy;1993;40,8;;52,4;13,5;1,9;;40,8;13,6;;;17,5;9,7
Total coal and coal products;Total final users of energy;1994;29;;36,4;5,7;-1,7;;29;4,9;;;14,5;9,5
Total coal and coal products;Total final users of energy;1995;32,5;;42,1;10,4;0,7;;32,5;3,4;;;18,8;10,2
Total coal and coal products;Total final users of energy;1996;31,9;;43,9;10;-2;;31,9;3,6;;;17,3;10,9
Total coal and coal products;Total final users of energy;1997;33,6;;52;18,5;0,1;;33,6;3,9;;;19,6;10,2
Total coal and coal products;Total final users of energy;1998;30,5;;50,2;18;-1,7;;30,5;5;;;16,8;8,7
Total coal and coal products;Total final users of energy;1999;27,6;;44,4;18,5;1,7;;27,6;6,1;;;15,6;5,9
Total coal and coal products;Total final users of energy;2000;25,4;;51,3;22,5;-3,5;;25,4;6,3;;;14,2;4,9
Total coal and coal products;Total final users of energy;2001;25,1;;48,2;27,3;4,3;;25,1;6,8;;;13,9;4,4
Total coal and coal products;Total final users of energy;2002;25,9;;48,4;24,5;2;;25,9;6,6;;;15;4,4
Total coal and coal products;Total final users of energy;2003;25,8;;46,4;21,3;0,7;;25,8;6,6;;;14,6;4,7
Total coal and coal products;Total final users of energy;2004;26,5;;44,6;14,8;-3,4;;26,5;7;;;14,8;4,6
Total coal and coal products;Total final users of energy;2005;25,7;;41,8;14,1;-2;;25,7;6,1;;;14,9;4,7
Total coal and coal products;Total final users of energy;2006;26,5;;44,4;18,3;0,5;;26,5;6;;;15,9;4,6
Total coal and coal products;Total final users of energy;2007;28,6;;44,7;18,6;2,6;;28,6;6,1;;;17,4;5,1
Total coal and coal products;Total final users of energy;2008;28,4;;48,7;17,2;-3,1;;28,4;6,3;;;16,7;5,3
Total coal and coal products;Total final users of energy;2009;23,8;;25,6;8,7;6,9;;23,8;5,7;;;13,9;4,2
Total coal and coal products;Total final users of energy;2010;26,7;;36,4;10,5;0,8;;26,7;6,1;;;16,5;4
Total coal and coal products;Total final users of energy;2011;26,2;;37,3;8,4;-2,6;;26,2;5,9;;;16,1;4,3
Total coal and coal products;Total final users of energy;2012;24,4;;32,6;9,1;0,9;;24,4;5,5;;;14,9;4
Total coal and coal products;Total final users of energy;2013;21,9;;25,8;12,8;8,9;;21,9;4,1;;;14,2;3,6
Total coal and coal products;Total final users of energy;2014;19,2;;40,9;16,4;-5,3;;19,2;3,2;;;14,2;1,7
Total coal and coal products;Total final users of energy;2015;21,6;;22;;-0,4;;21,6;2,7;;;15,4;3,6
Total coal and coal products;Total final users of energy;2016;23;;24,4;;-1,4;;23;2,5;;;17,3;3,2
Total coal and coal products;Total final users of energy;2017;24,6;;22,8;0,5;2,3;;24,6;2,6;;;19;3,1
Total coal and coal products;Total final users of energy;2018;23,3;;24,7;0,4;-1,1;;23,3;2,7;;;17,3;3,3
Total coal and coal products;Total final users of energy;2019;20,4;;22,2;0,8;-0,9;;20,4;2,7;;;14,8;3
Total coal and coal products;Total final users of energy;2020;19,3;;20;2,3;1,6;;19,3;3,2;;;13,4;2,8
Total coal and coal products;Total final users of energy;2021**;17,7;;91;69,8;-3,5;;17,7;2,4;;;13,3;2
Total coal and coal products;Total final users of energy;2022**;18,4;;92,9;75;0,5;;18,4;2,1;;;15;1,3
Total crude and petroleum products;Total energy sector and final users;1990;1057,7;175,2;8479,1;7602,9;8,3;-2;1059,7;97,2;109,6;;536,3;316,6
Total crude and petroleum products;Total energy sector and final users;1991;1049,3;169,1;8743;7857,1;-8;2,4;1047;102,6;112,4;;533,7;298,3
Total crude and petroleum products;Total energy sector and final users;1992;1062;153,3;8471,8;7529,8;-35,5;2,3;1059,7;102,7;106,9;;550,2;299,9
Total crude and petroleum products;Total energy sector and final users;1993;1071,5;153,2;8791,8;7880,6;5,8;1,2;1070,3;99,1;114,3;;567,8;289,1
Total crude and petroleum products;Total energy sector and final users;1994;1092,7;199,5;9108;8175,2;-37;-2,6;1095,4;101,6;116,2;;560;317,5
Total crude and petroleum products;Total energy sector and final users;1995;1121,3;162,3;9176,5;8296;79,4;-1;1122,3;117;112,8;;556,5;336
Total crude and petroleum products;Total energy sector and final users;1996;1149;147,2;9816,1;8808,7;-7,8;2,3;1146,7;120,4;108,6;;579,4;338,2
Total crude and petroleum products;Total energy sector and final users;1997;1150,2;141,4;10091,5;9068;-17,3;2,5;1147,7;124,7;98,5;;571,3;353,2
Total crude and petroleum products;Total energy sector and final users;1998;1157,2;128,6;10333,4;9265,3;-40,7;1,2;1156;138,9;91;;578,9;347,2
Total crude and petroleum products;Total energy sector and final users;1999;1156;122,3;10010,5;9092,3;122,2;-6,7;1162,7;129,7;80,4;;598,9;353,7
Total crude and petroleum products;Total energy sector and final users;2000;1158,6;114,8;10419;9285;-85,3;-4,9;1163,6;124,5;84,4;;590,8;363,9
Total crude and petroleum products;Total energy sector and final users;2001;1188,5;108,6;10495,4;9410,9;-3,5;-1,1;1189,5;133,8;84,5;;600;371,3
Total crude and petroleum products;Total energy sector and final users;2002;1219,3;142,2;10748,5;9723,3;53,5;-1,6;1220,9;118,6;76,2;;619,1;407
Total crude and petroleum products;Total energy sector and final users;2003;1305,9;142,1;10900,7;9765;29,2;-1;1306,9;128,7;79,8;;630,5;467,9
Total crude and petroleum products;Total energy sector and final users;2004;1305,7;129,1;11740,2;10518;-43,2;-2,5;1308,1;126,9;86,6;;630,8;463,9
Total crude and petroleum products;Total energy sector and final users;2005;1304,6;107,2;11667;10419,7;-49,5;-0,4;1304,9;116,6;90,1;;631,7;466,5
Total crude and petroleum products;Total energy sector and final users;2006;1314,3;97,8;12344;11083,7;-43,5;-0,2;1314,5;97,1;85,4;;663,9;468,1
Total crude and petroleum products;Total energy sector and final users;2007;1319,9;125,1;11960,2;10769,1;6,8;-3,2;1323,1;94;93,6;;675,2;460,2
Total crude and petroleum products;Total energy sector and final users;2008;1235,1;104,8;12066;10881,8;-50,8;-3;1238,1;65,1;87,1;;662,7;423,3
Total crude and petroleum products;Total energy sector and final users;2009;1205,2;85,5;11772,4;10616,8;-28,4;-7,7;1212,9;60,3;77,6;;643,6;431,4
Total crude and petroleum products;Total energy sector and final users;2010;1256,8;74,7;12587,2;11432,5;32,7;-5,3;1262,1;64,1;72,1;;657,8;468,2
Total crude and petroleum products;Total energy sector and final users;2011;1203,9;76,9;12468,2;11471,8;138,6;-8;1212;61,7;78,1;;647;425,2
Total crude and petroleum products;Total energy sector and final users;2012;1217,3;83,2;12784,4;11547;-98,8;-4,5;1221,8;63,7;81,5;;636,5;440,1
Total crude and petroleum products;Total energy sector and final users;2013;1141,2;86,7;12220,3;11160,4;4,5;-9,8;1151;56,4;76,2;;607,2;411,3
Total crude and petroleum products;Total energy sector and final users;2014;1129,5;110,2;12417,1;11356,4;-36,1;-5,3;1134,8;70,4;80,8;;576,9;406,7
Total crude and petroleum products;Total energy sector and final users;2015;1134,3;103,2;13323,3;12151,3;-140,8;;1134,3;56,7;92,8;;578,1;406,7
Total crude and petroleum products;Total energy sector and final users;2016;1171,1;82,2;13520,7;12480,1;48,3;;1171,1;52,3;93,5;;591,1;434,1
Total crude and petroleum products;Total energy sector and final users;2017;1186,1;80,8;13399,5;12381,3;87,1;;1186,1;43,7;86,8;;600,9;454,7
Total crude and petroleum products;Total energy sector and final users;2018;1159;80,3;13219,3;12156,2;15,6;0;1159,1;27,5;87;;615,8;428,7
Total crude and petroleum products;Total energy sector and final users;2019;1112,8;68,3;13384,5;12267,9;-72;0;1112,9;26,7;99,5;;602,4;384,2
Total crude and petroleum products;Total energy sector and final users;2020;1080,3;64;12091;11003,2;-71,5;0;1080,3;18,7;84,4;;546;431,2
Total crude and petroleum products;Total energy sector and final users;2021**;1102,5;65,3;12415,9;11653,6;274,9;0;1102,5;38;98,3;;543,2;423
Total crude and petroleum products;Total energy sector and final users;2022**;1055,5;51,4;12581,5;11427,7;-149,7;0;1055,5;61;101,3;;531;362,2
Total crude and petroleum products;Total energy sector;1990;171,5;170,4;4282;4279,3;-1,5;;171,5;61,9;109,6;;;
Total crude and petroleum products;Total energy sector;1991;182,1;159,4;4131,3;4125,6;17;;182,1;69,7;112,4;;;
Total crude and petroleum products;Total energy sector;1992;177,6;142,6;4092,4;4019,8;-37,6;;177,6;70,7;106,9;;;
Total crude and petroleum products;Total energy sector;1993;191;141,1;4072,5;4023,4;0,8;;191;76,7;114,3;;;
Total crude and petroleum products;Total energy sector;1994;195,6;185,9;4071,2;4062,5;1,1;;195,6;79,4;116,2;;;
Total crude and petroleum products;Total energy sector;1995;218;152;4354,4;4306,9;18,5;;218;105,2;112,8;;;
Total crude and petroleum products;Total energy sector;1996;215,8;138,3;4665,3;4588,2;0,4;;215,8;107,2;108,6;;;
Total crude and petroleum products;Total energy sector;1997;211,2;130,8;4800,7;4720,1;-0,2;;211,2;112,7;98,5;;;
Total crude and petroleum products;Total energy sector;1998;217,3;119,1;4884,7;4820,3;33,8;;217,3;126,3;91;;;
Total crude and petroleum products;Total energy sector;1999;202,8;112,3;4705,7;4627,8;12,6;;202,8;122,4;80,4;;;
Total crude and petroleum products;Total energy sector;2000;206,5;104,2;4688,2;4533,7;-52,1;;206,5;122,1;84,4;;;
Total crude and petroleum products;Total energy sector;2001;214,7;100,9;4649,8;4534,1;-1,9;;214,7;130,2;84,5;;;
Total crude and petroleum products;Total energy sector;2002;194,3;134,8;4440,3;4406,5;25,8;;194,3;118,1;76,2;;;
Total crude and petroleum products;Total energy sector;2003;208,2;132,5;4588,1;4537,2;24,8;;208,2;128,3;79,8;;;
Total crude and petroleum products;Total energy sector;2004;206,9;124,5;4866,8;4776,4;-8,1;;206,9;120,3;86,6;;;
Total crude and petroleum products;Total energy sector;2005;197,9;98,5;4988,8;4853,1;-36,4;;197,9;107,8;90,1;;;
Total crude and petroleum products;Total energy sector;2006;169,5;87,7;4871,9;4785,8;-4,3;;169,5;84,1;85,4;;;
Total crude and petroleum products;Total energy sector;2007;177;110,6;4753,7;4685,6;-1,7;;177;83,4;93,6;;;
Total crude and petroleum products;Total energy sector;2008;140,8;92,9;4655,8;4611;3,1;;140,8;53,7;87,1;;;
Total crude and petroleum products;Total energy sector;2009;131,4;74;4519;4426,9;-34,7;;131,4;53,9;77,6;;;
Total crude and petroleum products;Total energy sector;2010;125;60,9;4546;4488,1;6,2;;125;52,9;72,1;;;
Total crude and petroleum products;Total energy sector;2011;128,3;63,2;4508,4;4516,6;73,3;;128,3;50,2;78,1;;;
Total crude and petroleum products;Total energy sector;2012;134,4;63,2;4451,3;4339,8;-40,4;;134,4;52,9;81,5;;;
Total crude and petroleum products;Total energy sector;2013;119,7;65,4;4183,1;4139,3;10,5;;119,7;43,5;76,2;;;
Total crude and petroleum products;Total energy sector;2014;137,1;81,6;4377,1;4314,8;-6,9;;137,1;56,2;80,8;;;
Total crude and petroleum products;Total energy sector;2015;135,7;77,7;4619,3;4534,7;-26,5;;135,7;42,9;92,8;;;
Total crude and petroleum products;Total energy sector;2016;138,2;56,9;4417,7;4365,3;29;;138,2;44,7;93,5;;;
Total crude and petroleum products;Total energy sector;2017;125,1;52,5;4315,3;4258,3;15,6;;125,1;38,3;86,8;;;
Total crude and petroleum products;Total energy sector;2018;111,8;50,3;4275,9;4220,7;6,3;;111,8;24,8;87;;;
Total crude and petroleum products;Total energy sector;2019;124,3;37,7;4257,9;4161,9;-9,5;;124,3;24,7;99,5;;;
Total crude and petroleum products;Total energy sector;2020;107,6;36,4;3813,3;3743,6;1,5;;107,6;23,2;84,4;;;
Total crude and petroleum products;Total energy sector;2021**;129,7;38,1;3987,7;3980,3;84,3;;129,7;31,4;98,3;;;
Total crude and petroleum products;Total energy sector;2022**;161;22,6;4238,8;4029,4;-71;;161;59,7;101,3;;;
Total crude and petroleum products;Total final users of energy;1990;888,2;4,9;4197,1;3323,6;9,8;;888,2;35,3;;;536,3;316,6
Total crude and petroleum products;Total final users of energy;1991;864,9;9,7;4611,7;3731,5;-25;;864,9;32,9;;;533,7;298,3
Total crude and petroleum products;Total final users of energy;1992;882,1;10,7;4379,3;3510;2,1;;882,1;32;;;550,2;299,9
Total crude and petroleum products;Total final users of energy;1993;879,4;12,2;4719,3;3857,1;5;;879,4;22,5;;;567,8;289,1
Total crude and petroleum products;Total final users of energy;1994;899,8;13,6;5036,8;4112,7;-38,1;;899,8;22,2;;;560;317,5
Total crude and petroleum products;Total final users of energy;1995;904,3;10,3;4822,2;3989,1;60,9;;904,3;11,8;;;556,5;336
Total crude and petroleum products;Total final users of energy;1996;930,9;8,9;5150,7;4220,6;-8,2;;930,9;13,2;;;579,4;338,2
Total crude and petroleum products;Total final users of energy;1997;936,5;10,6;5290,8;4347,8;-17,1;;936,5;12;;;571,3;353,2
Total crude and petroleum products;Total final users of energy;1998;938,7;9,4;5448,7;4445;-74,5;;938,7;12,6;;;578,9;347,2
Total crude and petroleum products;Total final users of energy;1999;959,9;10;5304,8;4464,5;109,6;;959,9;7,3;;;598,9;353,7
Total crude and petroleum products;Total final users of energy;2000;957,1;10,6;5730,8;4751,3;-33,2;;957,1;2,4;;;590,8;363,9
Total crude and petroleum products;Total final users of energy;2001;974,8;7,7;5845,6;4876,8;-1,6;;974,8;3,6;;;600;371,3
Total crude and petroleum products;Total final users of energy;2002;1026,6;7,4;6308,2;5316,8;27,7;;1026,6;0,5;;;619,1;407
Total crude and petroleum products;Total final users of energy;2003;1098,8;9,6;6312,6;5227,8;4,4;;1098,8;0,3;;;630,5;467,9
Total crude and petroleum products;Total final users of energy;2004;1101,3;4,6;6873,4;5741,7;-35,1;;1101,3;6,6;;;630,8;463,9
Total crude and petroleum products;Total final users of energy;2005;1107;8,6;6678,2;5566,6;-13,2;;1107;8,8;;;631,7;466,5
Total crude and petroleum products;Total final users of energy;2006;1145,1;10,1;7472,1;6297,9;-39,2;;1145,1;13,1;;;663,9;468,1
Total crude and petroleum products;Total final users of energy;2007;1146;14,4;7206,5;6083,4;8,5;;1146;10,6;;;675,2;460,2
Total crude and petroleum products;Total final users of energy;2008;1097,4;11,9;7410,2;6270,8;-54;;1097,4;11,4;;;662,7;423,3
Total crude and petroleum products;Total final users of energy;2009;1081,4;11,5;7253,5;6189,9;6,3;;1081,4;6,4;;;643,6;431,4
Total crude and petroleum products;Total final users of energy;2010;1137,1;13,8;8041,2;6944,4;26,5;;1137,1;11,2;;;657,8;468,2
Total crude and petroleum products;Total final users of energy;2011;1083,7;13,7;7959,8;6955,2;65,3;;1083,7;11,5;;;647;425,2
Total crude and petroleum products;Total final users of energy;2012;1087,5;19,9;8333,2;7207,2;-58,4;;1087,5;10,9;;;636,5;440,1
Total crude and petroleum products;Total final users of energy;2013;1031,3;21,3;8037,2;7021,2;-6;;1031,3;12,8;;;607,2;411,3
Total crude and petroleum products;Total final users of energy;2014;997,8;28,6;8040;7041,7;-29,2;;997,8;14,1;;;576,9;406,7
Total crude and petroleum products;Total final users of energy;2015;998,6;25,5;8704;7616,6;-114,2;;998,6;13,8;;;578,1;406,7
Total crude and petroleum products;Total final users of energy;2016;1032,8;25,3;9103;8114,8;19,3;;1032,8;7,6;;;591,1;434,1
Total crude and petroleum products;Total final users of energy;2017;1061;28,3;9084,2;8122,9;71,4;;1061,1;5,4;;;600,9;454,7
Total crude and petroleum products;Total final users of energy;2018;1047,2;30;8943,4;7935,5;9,3;;1047,2;2,7;;;615,8;428,7
Total crude and petroleum products;Total final users of energy;2019;988,6;30,6;9126,6;8106,1;-62,5;;988,6;2;;;602,4;384,2
Total crude and petroleum products;Total final users of energy;2020;972,7;27,6;8277,7;7259,6;-72,9;;972,7;-4,5;;;546;431,2
Total crude and petroleum products;Total final users of energy;2021**;972,8;27,2;8428,2;7673,3;190,6;;972,8;6,6;;;543,2;423
Total crude and petroleum products;Total final users of energy;2022**;894,5;28,7;8342,7;7398,3;-78,7;;894,5;1,3;;;531;362,2
Natural gas;Total energy sector and final users;1990;1286,5;2283;2714,9;3672,7;-0,2;-38,5;1325;383,8;31,3;;822;87,8
Natural gas;Total energy sector and final users;1991;1438,8;2581,2;2286,3;3388,8;-0,1;-39,7;1478,5;424,1;33,1;;919,3;102,1
Natural gas;Total energy sector and final users;1992;1393,7;2592,2;2232,6;3385,1;-0,1;-46;1439,7;439,7;35,3;;863,5;101,2
Natural gas;Total energy sector and final users;1993;1434,7;2642,4;3145,7;4306,9;-0,5;-45,9;1480,7;447,7;33,1;;903,3;96,6
Natural gas;Total energy sector and final users;1994;1396,7;2506,6;2252,2;3328,6;-0,2;-33,3;1430;446,7;31,1;;849,5;102,6
Natural gas;Total energy sector and final users;1995;1444,2;2548,2;2318,4;3397,7;;-24,6;1468,9;447;31,2;;890;100,6
Natural gas;Total energy sector and final users;1996;1591;2883,9;2643,5;3899,7;0,2;-36,9;1627,9;485,9;37,3;;1008,5;96,2
Natural gas;Total energy sector and final users;1997;1496,8;2554,2;2466,6;3495,1;-0,5;-28,5;1525,3;505,5;42,8;;873,5;103,5
Natural gas;Total energy sector and final users;1998;1487,5;2436,4;2438,5;3369,6;0,9;-18,7;1506,2;510,8;47,1;;848,8;99,6
Natural gas;Total energy sector and final users;1999;1447,8;2265,6;2484,3;3278,6;0,3;-23,8;1471,6;517,5;46,9;;808,7;98,4
Natural gas;Total energy sector and final users;2000;1465,7;2209;3143,7;3853,4;-23,7;-10;1475,7;530,2;37,9;;805,6;102
Natural gas;Total energy sector and final users;2001;1501,8;2327,3;3290;4130,8;19,1;-3,7;1505,5;554,2;36;;824,4;91
Natural gas;Total energy sector and final users;2002;1498,9;2286,7;3376,3;4157,2;-15,5;8,6;1490,3;564,8;42;;795,4;88,2
Natural gas;Total energy sector and final users;2003;1506,4;2185,8;3424,2;4108,4;-1;5,8;1500,6;563,3;40,1;;809,5;87,8
Natural gas;Total energy sector and final users;2004;1538,6;2578,2;3239,8;4282,8;1,2;2,2;1536,4;595,7;40,4;;810;90,3
Natural gas;Total energy sector and final users;2005;1479;2352;3283,6;4146,9;3,7;-13,4;1492,4;580,1;41,2;;776,8;94,3
Natural gas;Total energy sector and final users;2006;1433,7;2322,1;3290,4;4175,6;-3,8;0,6;1433,1;560,6;40,6;;745,9;85,9
Natural gas;Total energy sector and final users;2007;1395,8;2232,1;3187,1;4073,1;50,9;-1,3;1397;582,7;40,2;;680,5;93,7
Natural gas;Total energy sector and final users;2008;1451;2552,7;3359,1;4414;-43,8;-3;1454;615,3;38,9;;716,5;83,3
Natural gas;Total energy sector and final users;2009;1486;2358;3328;4223,4;26,4;-2,9;1488,9;639,5;43,6;;702,9;102,9
Natural gas;Total energy sector and final users;2010;1677,6;2709,6;3649,3;4657,1;-18,5;-5,8;1683,3;692,5;51,2;;808,8;130,8
Natural gas;Total energy sector and final users;2011;1467,2;2501,9;3243,6;4237,2;-34,9;-6,2;1473,4;630,1;56,2;;661,2;126
Natural gas;Total energy sector and final users;2012;1402;2462,5;3323,1;4376;4,6;-12,3;1414,2;532,3;49;;704,4;128,4
Natural gas;Total energy sector and final users;2013;1397,6;2606,6;3359,5;4564,1;6;-10,5;1408,1;521,3;53,5;;725,6;107,7
Natural gas;Total energy sector and final users;2014;1218,4;2173,9;3143,7;4038,4;-43,4;-17,4;1235,8;483,4;45,7;;591,4;115,3
Natural gas;Total energy sector and final users;2015;1198,5;1651,4;4847,4;5269,4;-13,6;-17,3;1215,8;442,3;46,1;;627,9;99,5
Natural gas;Total energy sector and final users;2016;1257,2;1594,3;4998,4;5402,7;75,3;-8,1;1265,3;471;41,3;;657,4;95,5
Natural gas;Total energy sector and final users;2017;1304,8;1365,7;5285,8;5341,1;-4;-1,2;1306;504,7;43,9;;644,8;112,6
Natural gas;Total energy sector and final users;2018;1286,5;1169,1;5101;4915,5;-74,5;6,4;1280,1;493;48,9;;638,2;100
Natural gas;Total energy sector and final users;2019;1341,6;998,2;4986,2;4640,1;-7,1;4,4;1337,2;570,6;47,1;;608,9;110,6
Natural gas;Total energy sector and final users;2020;1316,1;722,7;4804,6;4232,9;3,5;18,3;1297,8;579,7;46,7;;567,4;103,9
Natural gas;Total energy sector and final users;2021**;1261,9;649,6;4715,5;4300,3;191,4;5,8;1256,1;481,5;41,4;;622;111,2
Natural gas;Total energy sector and final users;2022**;977;535,2;4638,7;3987,1;-192,8;-16,9;993,9;398,4;27,4;;499,9;68,2
Natural gas;Total energy sector;1990;275,7;2283;1652,6;3659,7;-0,2;;275,7;244,4;31,3;;;
Natural gas;Total energy sector;1991;322,7;2581,2;1130,3;3388,7;-0,1;;322,7;289,6;33,1;;;
Natural gas;Total energy sector;1992;337,5;2592,2;1130;3384,6;-0,1;;337,5;302,3;35,3;;;
Natural gas;Total energy sector;1993;358,3;2642,4;2011,7;4295,3;-0,5;;358,3;325,2;33,1;;;
Natural gas;Total energy sector;1994;347,2;2506,6;1161,8;3321;-0,2;;347,2;316,1;31,1;;;
Natural gas;Total energy sector;1995;357;2548,2;1199;3390,3;;;357;325,7;31,2;;;
Natural gas;Total energy sector;1996;400,2;2883,9;1404,5;3888,5;0,2;;400,2;362,9;37,3;;;
Natural gas;Total energy sector;1997;425,3;2554,2;1351,8;3480,2;-0,5;;425,3;382,5;42,8;;;
Natural gas;Total energy sector;1998;438,5;2436,4;1353,9;3352,7;0,9;;438,5;391,5;47,1;;;
Natural gas;Total energy sector;1999;443,6;2265,6;1440;3262,3;0,3;;443,6;396,7;46,9;;;
Natural gas;Total energy sector;2000;439,1;2209;2091,9;3838,2;-23,7;;439,1;401,1;37,9;;;
Natural gas;Total energy sector;2001;467,1;2327,3;2236,8;4116,1;19,1;;467,1;431,1;36;;;
Natural gas;Total energy sector;2002;485,5;2286,7;2358,1;4143,8;-15,5;;485,5;443,6;42;;;
Natural gas;Total energy sector;2003;481,7;2185,8;2391,9;4095,1;-1;;481,7;441,6;40,1;;;
Natural gas;Total energy sector;2004;519,1;2578,2;2212,9;4273,3;1,2;;519,1;478,6;40,4;;;
Natural gas;Total energy sector;2005;494,6;2352;2275,8;4136,9;3,7;;494,6;453,4;41,2;;;
Natural gas;Total energy sector;2006;472,8;2322,1;2323;4168,5;-3,8;;472,8;432,1;40,6;;;
Natural gas;Total energy sector;2007;483;2232,1;2265,9;4066;50,9;;483;442,8;40,2;;;
Natural gas;Total energy sector;2008;490,4;2552,7;2388,9;4407,4;-43,8;;490,4;451,5;38,9;;;
Natural gas;Total energy sector;2009;523,8;2358;2356,8;4217,3;26,4;;523,8;480,2;43,6;;;
Natural gas;Total energy sector;2010;562;2709,6;2521,6;4650,7;-18,5;;562;510,8;51,2;;;
Natural gas;Total energy sector;2011;507,9;2501,9;2272,3;4231,4;-34,9;;507,9;451,7;56,2;;;
Natural gas;Total energy sector;2012;407,6;2462,5;2309,5;4369,1;4,6;;407,6;358,5;49;;;
Natural gas;Total energy sector;2013;403,2;2606,6;2349,4;4558,9;6;;403,2;349,7;53,5;;;
Natural gas;Total energy sector;2014;385,7;2173,9;2289;4033,8;-43,4;;385,7;340;45,7;;;
Natural gas;Total energy sector;2015;343,7;1651,4;3897,3;5189,1;-15,9;;343,7;297,6;46,1;;;
Natural gas;Total energy sector;2016;371,7;1594,3;4046,7;5344,3;75,1;;371,7;330,4;41,3;;;
Natural gas;Total energy sector;2017;392,5;1365,7;4202,9;5173,4;-2,6;;392,3;348,3;43,9;;;
Natural gas;Total energy sector;2018;390,5;1162,7;4017,2;4716;-73,5;;390,4;341,6;48,9;;;
Natural gas;Total energy sector;2019;459,9;996,6;3780,2;4312,9;-4,1;;459,8;412,7;47,1;;;
Natural gas;Total energy sector;2020;446,9;719,5;3649,3;3927;5,1;;446,8;400,1;46,7;;;
Natural gas;Total energy sector;2021**;338,9;649,6;3470,6;3968,8;187,4;;338,8;297,4;41,4;;;
Natural gas;Total energy sector;2022**;277,7;519,6;3310,8;3362;-190,8;;277,6;250,2;27,4;;;
Natural gas;Total final users of energy;1990;1049,2;;1062,3;13,1;;;1049,2;139,4;;;822;87,8
Natural gas;Total final users of energy;1991;1155,8;;1156;0,2;;;1155,8;134,4;;;919,3;102,1
Natural gas;Total final users of energy;1992;1102,1;;1102,6;0,5;;;1102,1;137,4;;;863,5;101,2
Natural gas;Total final users of energy;1993;1122,4;;1134;11,6;0;;1122,4;122,5;;;903,3;96,6
Natural gas;Total final users of energy;1994;1082,8;;1090,4;7,6;;;1082,8;130,6;;;849,5;102,6
Natural gas;Total final users of energy;1995;1111,9;;1119,4;7,5;;;1111,9;121,3;;;890;100,6
Natural gas;Total final users of energy;1996;1227,7;;1239;11,3;;;1227,7;123;;;1008,5;96,2
Natural gas;Total final users of energy;1997;1100;;1114,8;14,8;;;1100;123;;;873,5;103,5
Natural gas;Total final users of energy;1998;1067,7;;1084,6;17;;;1067,7;119,3;;;848,8;99,6
Natural gas;Total final users of energy;1999;1028;;1044,3;16,4;;;1028;120,8;;;808,7;98,4
Natural gas;Total final users of energy;2000;1036,6;;1051,8;15,2;;;1036,6;129;;;805,6;102
Natural gas;Total final users of energy;2001;1038,5;;1053,2;14,7;;;1038,5;123,1;;;824,4;91
Natural gas;Total final users of energy;2002;1004,8;;1018,2;13,4;;;1004,8;121,2;;;795,4;88,2
Natural gas;Total final users of energy;2003;1018,9;;1032,3;13,4;;;1018,9;121,7;;;809,5;87,8
Natural gas;Total final users of energy;2004;1017,4;;1026,9;9,5;;;1017,4;117,1;;;810;90,3
Natural gas;Total final users of energy;2005;997,8;;1007,9;10;;;997,8;126,7;;;776,8;94,3
Natural gas;Total final users of energy;2006;960,3;;967,4;7,1;;;960,3;128,5;;;745,9;85,9
Natural gas;Total final users of energy;2007;914;;921,1;7,1;;;914;139,8;;;680,5;93,7
Natural gas;Total final users of energy;2008;963,6;;970,1;6,6;;;963,6;163,8;;;716,5;83,3
Natural gas;Total final users of energy;2009;965;;971,2;6,1;;;965;159,3;;;702,9;102,9
Natural gas;Total final users of energy;2010;1121,3;;1127,8;6,4;;;1121,3;181,7;;;808,8;130,8
Natural gas;Total final users of energy;2011;965,5;;971,3;5,8;;;965,5;178,3;;;661,2;126
Natural gas;Total final users of energy;2012;1006,6;;1013,6;6,9;;;1006,6;173,8;;;704,4;128,4
Natural gas;Total final users of energy;2013;1004,9;;1010,1;5,2;;;1004,9;171,6;;;725,6;107,7
Natural gas;Total final users of energy;2014;850,1;0;854,7;4,7;;;850,1;143,4;;;591,4;115,3
Natural gas;Total final users of energy;2015;872,1;;950,1;80,3;2,4;;872,1;144,7;;;627,9;99,5
Natural gas;Total final users of energy;2016;893,6;;951,8;58,4;0,3;;893,6;140,7;;;657,4;95,5
Natural gas;Total final users of energy;2017;913,8;;1082,9;167,7;-1,4;;913,8;156,4;;;644,8;112,6
Natural gas;Total final users of energy;2018;889,7;6,4;1083,8;199,5;-1;;889,7;151,4;;;638,2;100
Natural gas;Total final users of energy;2019;877,4;1,6;1206;327,2;-3;;877,4;157,9;;;608,9;110,6
Natural gas;Total final users of energy;2020;851;3,2;1155,4;305,9;-1,7;;851;179,6;;;567,4;103,9
Natural gas;Total final users of energy;2021**;917,3;;1244,8;331,6;4;;917,3;184,1;;;622;111,2
Natural gas;Total final users of energy;2022**;716,3;15,6;1327,8;625,1;-2;;716,3;148,2;;;499,9;68,2
Renewable energy;Total energy sector and final users;1990;31,2;31,2;;;;;31,2;15,4;;;15,8;
Renewable energy;Total energy sector and final users;1991;31,6;31,6;;;;;31,6;15,7;;;15,9;
Renewable energy;Total energy sector and final users;1992;32,5;32,5;;;;;32,5;16,5;;;16,1;
Renewable energy;Total energy sector and final users;1993;34,8;34,8;;;;;34,8;18,5;;;16,4;
Renewable energy;Total energy sector and final users;1994;35,1;35,1;;;;;35,1;18,4;;;16,7;
Renewable energy;Total energy sector and final users;1995;38,5;38,5;1;1;;0;38,5;20,8;;;17,7;
Renewable energy;Total energy sector and final users;1996;44,3;44,3;1;1,1;;0,1;44,2;26;;;18,3;
Renewable energy;Total energy sector and final users;1997;47,9;47,9;1;0,9;;-0,1;48;29,4;;;18,6;
Renewable energy;Total energy sector and final users;1998;50,6;52,4;1;2,8;;0;50,6;32;;;18,7;
Renewable energy;Total energy sector and final users;1999;52,9;55,4;1;3,5;;0;52,9;34,2;;;18,7;
Renewable energy;Total energy sector and final users;2000;56,7;60,9;1,2;5,4;;0;56,7;38;;;18,7;
Renewable energy;Total energy sector and final users;2001;59,5;65,2;2,3;8;;0;59,5;41;;;18,5;
Renewable energy;Total energy sector and final users;2002;65,4;71,7;5,9;12,2;;0;65,4;46,8;;;18,6;
Renewable energy;Total energy sector and final users;2003;64;72,3;3,9;12,2;;0;64;44,7;;;19,3;
Renewable energy;Total energy sector and final users;2004;75,7;78,6;12,1;15;;0;75,7;54,7;;;21;
Renewable energy;Total energy sector and final users;2005;94,9;82,5;24,7;12,4;;0,1;94,8;72,8;;;22;
Renewable energy;Total energy sector and final users;2006;101,3;90,5;24,1;13,4;;0,1;101,2;77,6;;;23,6;
Renewable energy;Total energy sector and final users;2007;105,2;94,9;43,4;30;-2,9;-0,2;105,4;81;;;24,3;
Renewable energy;Total energy sector and final users;2008;126,7;108;54,1;31,2;-4,1;0;126,7;101,7;;;25;
Renewable energy;Total energy sector and final users;2009;140;122,7;55,8;38,1;-0,5;0;139,9;113,9;;;26;
Renewable energy;Total energy sector and final users;2010;137,3;130,5;51,1;46,8;2,6;-0,1;137,3;111,1;;;26,2;
Renewable energy;Total energy sector and final users;2011;143,1;137,2;54,3;46,5;-1,8;-0,1;143,2;116,5;;;26,7;
Renewable energy;Total energy sector and final users;2012;150,6;166,4;84;97,4;-2,3;-0,1;150,7;123,4;;;27,3;
Renewable energy;Total energy sector and final users;2013;148,8;185,7;98;130,8;-4;-0,1;148,8;119,8;0;;29;
Renewable energy;Total energy sector and final users;2014;148,8;194,3;98,8;147,3;3;;148,8;117,5;;;31,3;
Renewable energy;Total energy sector and final users;2015;158,4;202,7;178,4;223,1;0,5;-0,1;158,5;123,8;;;34,7;
Renewable energy;Total energy sector and final users;2016;162,3;201,4;190,4;228,6;-0,7;-0,2;162,6;126,2;;;36,3;
Renewable energy;Total energy sector and final users;2017;178,9;231,9;219,1;268;-4;-0,1;179;141;;;38,1;
Renewable energy;Total energy sector and final users;2018;196,9;236,9;292,4;325,3;-6,7;-0,4;197,3;154,9;;;42,4;
Renewable energy;Total energy sector and final users;2019;234;260,6;362,8;389,3;0,1;-0,4;234,3;188,5;;;45,8;
Renewable energy;Total energy sector and final users;2020;301,7;297,8;484,3;482,7;2;0,2;301,5;252,1;;;49,4;
Renewable energy;Total energy sector and final users;2021**;344,3;333,1;572,4;558,2;-3,1;0,2;344,1;291,5;;;52,6;
Renewable energy;Total energy sector and final users;2022**;376,4;362,1;658,9;629;-15,8;0,2;376,2;319,8;;;56,4;
Renewable energy;Total energy sector;1990;0,5;0,5;;;;;0,5;0,5;;;;
Renewable energy;Total energy sector;1991;0,6;0,6;;;;;0,6;0,6;;;;
Renewable energy;Total energy sector;1992;0,9;0,9;;;;;0,9;0,9;;;;
Renewable energy;Total energy sector;1993;0,9;0,9;;;;;0,9;0,9;;;;
Renewable energy;Total energy sector;1994;1,1;1,1;;;;;1,1;1,1;;;;
Renewable energy;Total energy sector;1995;2,4;2;0,7;0,4;;;2,4;2,4;;;;
Renewable energy;Total energy sector;1996;3,2;2,7;0,9;0,4;;;3,2;3,2;;;;
Renewable energy;Total energy sector;1997;3,3;2,7;0,8;0,3;;;3,3;3,3;;;;
Renewable energy;Total energy sector;1998;4,3;3,8;0,8;0,3;;;4,3;4,3;;;;
Renewable energy;Total energy sector;1999;5,2;4,7;0,9;0,3;;;5,2;5,2;;;;
Renewable energy;Total energy sector;2000;8,4;7,7;1;0,4;;;8,4;8,4;;;;
Renewable energy;Total energy sector;2001;12,1;10,2;2,2;0,3;;;12,1;12,1;;;;
Renewable energy;Total energy sector;2002;16,5;10,9;5,8;0,3;;;16,5;16,5;;;;
Renewable energy;Total energy sector;2003;14,5;10,8;3,9;0,2;;;14,5;14,5;;;;
Renewable energy;Total energy sector;2004;22,5;10,8;11,9;0,3;;;22,5;22,5;;;;
Renewable energy;Total energy sector;2005;38,6;14;24,6;;;;38,6;38,6;;;;
Renewable energy;Total energy sector;2006;39,7;17,8;22;;;;39,7;39,7;;;;
Renewable energy;Total energy sector;2007;37,6;15,6;22;;;;37,6;37,6;;;;
Renewable energy;Total energy sector;2008;48,2;19,1;29,1;;;;48,2;48,2;;;;
Renewable energy;Total energy sector;2009;54,3;22,6;31,7;;;;54,3;54,3;;;;
Renewable energy;Total energy sector;2010;52,5;23,3;29,2;;;;52,5;52,5;;;;
Renewable energy;Total energy sector;2011;53,3;25;28,3;;;;53,3;53,3;;;;
Renewable energy;Total energy sector;2012;53,9;27,4;26,6;;;;53,9;53,9;;;;
Renewable energy;Total energy sector;2013;47,4;26,4;21;;;;47,4;47,4;0;;;
Renewable energy;Total energy sector;2014;42,5;28,6;13,9;;;;42,5;42,5;;;;
Renewable energy;Total energy sector;2015;45;47,3;10,7;13,3;0,4;;45;45;;;;
Renewable energy;Total energy sector;2016;45,8;52,1;7,4;13,8;0,1;;45,8;45,8;;;;
Renewable energy;Total energy sector;2017;56,4;63,5;8,1;15,4;0,2;;56,4;56,4;;;;
Renewable energy;Total energy sector;2018;58,1;63,5;10,9;15,8;-0,4;;58,1;58,1;;;;
Renewable energy;Total energy sector;2019;78,4;70,1;23,7;15,4;0;;78,4;78,4;;;;
Renewable energy;Total energy sector;2020;122,6;84,6;51,8;13,5;-0,3;;122,6;122,6;;;;
Renewable energy;Total energy sector;2021**;152,1;100,2;67,5;15,8;0,2;;152,1;152,1;;;;
Renewable energy;Total energy sector;2022**;154,6;116,8;60,5;22,3;-0,4;;154,6;154,6;;;;
Renewable energy;Total final users of energy;1990;30,7;30,7;;;;;30,7;14,9;;;15,8;
Renewable energy;Total final users of energy;1991;31;31;;;;;31;15,1;;;15,9;
Renewable energy;Total final users of energy;1992;31,7;31,7;;;;;31,7;15,6;;;16,1;
Renewable energy;Total final users of energy;1993;34;34;;;;;34;17,6;;;16,4;
Renewable energy;Total final users of energy;1994;34;34;;;;;34;17,3;;;16,7;
Renewable energy;Total final users of energy;1995;36,1;36,5;0,2;0,6;;;36,1;18,4;;;17,7;
Renewable energy;Total final users of energy;1996;41;41,6;0,2;0,8;;;41;22,8;;;18,3;
Renewable energy;Total final users of energy;1997;44,7;45,2;0,2;0,6;;;44,7;26,1;;;18,6;
Renewable energy;Total final users of energy;1998;46,3;48,6;0,2;2,5;;;46,3;27,7;;;18,7;
Renewable energy;Total final users of energy;1999;47,7;50,7;0,1;3,2;;;47,7;29;;;18,7;
Renewable energy;Total final users of energy;2000;48,3;53,2;0,1;5;;;48,3;29,7;;;18,7;
Renewable energy;Total final users of energy;2001;47,4;55;0,1;7,7;;;47,4;28,9;;;18,5;
Renewable energy;Total final users of energy;2002;48,9;60,8;0,1;12;;;48,9;30,3;;;18,6;
Renewable energy;Total final users of energy;2003;49,5;61,5;;12;;;49,5;30,2;;;19,3;
Renewable energy;Total final users of energy;2004;53,2;67,8;0,2;14,7;;;53,2;32,2;;;21;
Renewable energy;Total final users of energy;2005;56,2;68,5;0,1;12,4;;;56,2;34,2;;;22;
Renewable energy;Total final users of energy;2006;61,5;72,7;2,2;13,4;;;61,5;37,9;;;23,6;
Renewable energy;Total final users of energy;2007;67,8;79,3;21,4;30;-2,9;;67,8;43,5;;;24,3;
Renewable energy;Total final users of energy;2008;78,5;88,9;25;31,2;-4,1;;78,5;53,5;;;25;
Renewable energy;Total final users of energy;2009;85,6;100,1;24,1;38,1;-0,5;;85,6;59,6;;;26;
Renewable energy;Total final users of energy;2010;84,8;107,2;21,9;46,8;2,6;;84,8;58,6;;;26,2;
Renewable energy;Total final users of energy;2011;89,9;112,2;26;46,5;-1,8;;89,9;63,2;;;26,7;
Renewable energy;Total final users of energy;2012;96,7;139;57,4;97,4;-2,3;;96,7;69,4;;;27,3;
Renewable energy;Total final users of energy;2013;101,4;159,3;77;130,8;-4;;101,4;72,4;;;29;
Renewable energy;Total final users of energy;2014;106,3;165,7;84,9;147,3;3;;106,3;75;;;31,3;
Renewable energy;Total final users of energy;2015;113,6;155,4;167,8;209,8;0,1;;113,6;78,8;;;34,7;
Renewable energy;Total final users of energy;2016;116,8;149,3;183;214,8;-0,8;;116,8;80,4;;;36,3;
Renewable energy;Total final users of energy;2017;122,6;168,5;211;252,6;-4,2;;122,6;84,6;;;38,1;
Renewable energy;Total final users of energy;2018;139,2;173,4;281,6;309,5;-6,3;;139,2;96,8;;;42,4;
Renewable energy;Total final users of energy;2019;155,9;190,5;339,1;373,9;0,2;;155,9;110,1;;;45,8;
Renewable energy;Total final users of energy;2020;178,9;213,2;432,6;469,2;2,3;;178,9;129,5;;;49,4;
Renewable energy;Total final users of energy;2021**;192;232,8;504,9;542,4;-3,3;;192;139,4;;;52,6;
Renewable energy;Total final users of energy;2022**;221,6;245,3;598,4;606,7;-15,4;;221,6;165,3;;;56,4;
Electricity;Total energy sector and final users;1990;33,1;;493,5;462,2;;1,8;31,3;-259,1;19,1;13,2;258,1;
Electricity;Total energy sector and final users;1991;33;;502,7;471,6;;1,8;31,2;-267,8;20,1;13,7;265,2;
Electricity;Total energy sector and final users;1992;31,2;;509,7;482;;3,6;27,6;-278,1;20,7;14;271;
Electricity;Total energy sector and final users;1993;37,1;;528;493,6;;2,6;34,5;-277,8;22,4;14,2;275,7;
Electricity;Total energy sector and final users;1994;38;;560,5;522,6;;0,1;37,9;-287,5;23,6;14,5;287,3;
Electricity;Total energy sector and final users;1995;41;;568,1;530,3;;3,2;37,8;-292,2;24,1;14,9;290,9;
Electricity;Total energy sector and final users;1996;38,1;;588,9;552,6;;1,8;36,3;-307,5;25,7;15,4;302,7;
Electricity;Total energy sector and final users;1997;45,5;;613,6;569,3;;1,1;44,3;-311,5;24,9;16;314,8;
Electricity;Total energy sector and final users;1998;42,5;;639,4;599,3;;2,4;40,1;-328;25,7;16,7;325,7;
Electricity;Total energy sector and final users;1999;66,4;;670,1;605,7;;2;64,3;-312,2;25,5;17,2;333,9;
Electricity;Total energy sector and final users;2000;68,1;;691,6;626,9;;3,3;64,8;-322,7;26;17,7;343,7;
Electricity;Total energy sector and final users;2001;62,2;;708,3;649,5;;3,4;58,8;-337,2;27,5;18,2;350,3;
Electricity;Total energy sector and final users;2002;59;;720,4;664,5;;3,1;55,9;-345,5;27,3;18,4;355,8;
Electricity;Total energy sector and final users;2003;61,2;;731,2;672,3;;2,3;58,9;-348,5;27,7;18,6;361,2;
Electricity;Total energy sector and final users;2004;58,4;;747,8;694,6;;5,1;53,3;-364,4;28,4;19,3;370;
Electricity;Total energy sector and final users;2005;65,9;;764,8;698,1;;-0,9;66,7;-359,7;30,3;19,5;376,7;
Electricity;Total energy sector and final users;2006;77,3;;776,7;702,2;;2,7;74,5;-355,8;29,6;19,6;381,1;
Electricity;Total energy sector and final users;2007;63,4;;782,3;721,6;;2,7;60,7;-378,6;30,3;19,9;389,1;
Electricity;Total energy sector and final users;2008;57,1;;791;736,1;;2,2;54,9;-387,2;31,1;19,6;391,4;
Electricity;Total energy sector and final users;2009;17,6;;767,8;748,8;;-1,4;19;-409,3;31,4;18,9;378;
Electricity;Total energy sector and final users;2010;10;;811,8;800,6;;-1,2;11,2;-429,4;31,6;20,3;388,7;
Electricity;Total energy sector and final users;2011;32,7;;813,9;782,4;;1,2;31,5;-410,3;33,9;18,7;389,2;
Electricity;Total energy sector and final users;2012;61,6;;801,9;748,2;;7,9;53,7;-371,5;32;18,7;374,5;
Electricity;Total energy sector and final users;2013;65,7;;803,3;738,9;;1,3;64,3;-365,8;35,7;18,5;375,9;
Electricity;Total energy sector and final users;2014;53;;795,6;746,6;;4;49;-372;37,2;17,8;366;
Electricity;Total energy sector and final users;2015;31,5;;760,1;727,3;;-1,2;32,7;-396,8;37,1;19;373,4;
Electricity;Total energy sector and final users;2016;17,7;;759,1;740,6;;-0,7;18,4;-414,6;36,5;19,6;376,9;
Electricity;Total energy sector and final users;2017;12,6;;765,6;753;;0;12,6;-421,9;34,3;19,5;380,7;
Electricity;Total energy sector and final users;2018;28,7;;754,8;725,6;;-0,5;29,2;-411,4;33,3;19,2;388;
Electricity;Total energy sector and final users;2019;3,1;;744,2;742,2;;1,1;2;-436,9;33,2;18,2;387,4;
Electricity;Total energy sector and final users;2020;-9,6;;714,7;728,6;;4,3;-13,9;-443,8;30,1;17,1;382,8;
Electricity;Total energy sector and final users;2021**;0,9;;709,8;714,3;;5,4;-4,5;-439,7;32,1;17,3;385,8;
Electricity;Total energy sector and final users;2022**;-15,4;;699,1;713,8;;-0,6;-14,7;-437,8;31,6;17,3;374,2;
Electricity;Total energy sector;1990;-191,6;;259,4;451;;;-191,6;-222,3;17,5;13,2;;
Electricity;Total energy sector;1991;-198,9;;269,2;468,1;;;-198,9;-231;18,5;13,7;;
Electricity;Total energy sector;1992;-204,6;;274,1;478,7;;;-204,6;-237,6;19;14;;
Electricity;Total energy sector;1993;-207;;274,9;481,9;;;-207;-241,3;20,1;14,2;;
Electricity;Total energy sector;1994;-213,5;;297,1;510,7;;;-213,5;-249,6;21,6;14,5;;
Electricity;Total energy sector;1995;-221;;296;517;;;-221;-258;22,1;14,9;;
Electricity;Total energy sector;1996;-232;;305,2;537,2;;;-232;-270,7;23,3;15,4;;
Electricity;Total energy sector;1997;-235,3;;317,1;552,4;;;-235,3;-273,6;22,3;16;;
Electricity;Total energy sector;1998;-249,9;;330,4;580,3;;;-249,9;-289,5;22,9;16,7;;
Electricity;Total energy sector;1999;-234,6;;351,6;586,2;;;-234,6;-274,4;22,7;17,2;;
Electricity;Total energy sector;2000;-242,4;;363,1;605,5;;;-242,4;-283,3;23,3;17,7;;
Electricity;Total energy sector;2001;-255,7;;373,2;628,8;;;-255,7;-298,6;24,8;18,2;;
Electricity;Total energy sector;2002;-263,9;;378,1;642;;;-263,9;-306,8;24,5;18,4;;
Electricity;Total energy sector;2003;-265,5;;384,2;649,7;;;-265,5;-309,1;25;18,6;;
Electricity;Total energy sector;2004;-279,1;;392,3;671,5;;;-279,1;-324,1;25,6;19,3;;
Electricity;Total energy sector;2005;-267,7;;404,1;671,8;;;-267,7;-314,5;27,3;19,5;;
Electricity;Total energy sector;2006;-259,2;;411,5;670,7;;;-259,2;-305,3;26,5;19,6;;
Electricity;Total energy sector;2007;-273,7;;410,1;683,8;;;-273,7;-320,7;27,1;19,9;;
Electricity;Total energy sector;2008;-269,8;;418,6;688,4;;;-269,8;-316,7;27,3;19,6;;
Electricity;Total energy sector;2009;-292,2;;409,3;701,5;;;-292,2;-338,5;27,5;18,9;;
Electricity;Total energy sector;2010;-302,2;;442,5;744,7;;;-302,2;-350;27,5;20,3;;
Electricity;Total energy sector;2011;-279,9;;444,9;724,8;;;-279,9;-328,3;29,7;18,7;;
Electricity;Total energy sector;2012;-242,9;;447,6;690,5;;;-242,9;-289;27,4;18,7;;
Electricity;Total energy sector;2013;-235,4;;448,3;683,7;;;-235,4;-285,1;31,3;18,5;;
Electricity;Total energy sector;2014;-249,2;;450,1;699,3;;;-249,2;-299,8;32,8;17,8;;
Electricity;Total energy sector;2015;-269,5;;406,7;676,2;;;-269,5;-321,5;33;19;;
Electricity;Total energy sector;2016;-286,6;;402,1;688,7;;;-286,6;-338,3;32,1;19,6;;
Electricity;Total energy sector;2017;-288,4;;409,1;697,5;;;-288,4;-337,6;29,6;19,5;;
Electricity;Total energy sector;2018;-273,2;;391,4;664,6;;;-273,2;-321,1;28,7;19,2;;
Electricity;Total energy sector;2019;-292,3;;386;678,3;;;-292,3;-339;28,5;18,2;;
Electricity;Total energy sector;2020;-284;;363,1;647,1;;;-284;-326,4;25,3;17,1;;
Electricity;Total energy sector;2021**;-267,6;;358,4;626;;;-267,6;-312,1;27,2;17,3;;
Electricity;Total energy sector;2022**;-263,8;;357,7;621,5;;;-263,8;-307,9;26,8;17,3;;
Electricity;Total final users of energy;1990;223;;234,2;11,2;;;223;-36,7;1,6;;258,1;
Electricity;Total final users of energy;1991;230;;233,5;3,5;;;230;-36,7;1,6;;265,2;
Electricity;Total final users of energy;1992;232,2;;235,6;3,3;;;232,2;-40,5;1,7;;271;
Electricity;Total final users of energy;1993;241,5;;253,1;11,6;;;241,5;-36,5;2,3;;275,7;
Electricity;Total final users of energy;1994;251,4;;263,3;11,9;;;251,4;-37,9;2;;287,3;
Electricity;Total final users of energy;1995;258,8;;272;13,2;;;258,8;-34,2;2;;290,9;
Electricity;Total final users of energy;1996;268,3;;283,8;15,4;;;268,3;-36,8;2,4;;302,7;
Electricity;Total final users of energy;1997;279,6;;296,5;16,9;;;279,6;-37,8;2,6;;314,8;
Electricity;Total final users of energy;1998;290;;309;19,1;;;290;-38,5;2,8;;325,7;
Electricity;Total final users of energy;1999;298,9;;318,5;19,6;;;298,9;-37,7;2,8;;333,9;
Electricity;Total final users of energy;2000;307,2;;328,5;21,3;;;307,2;-39,3;2,8;;343,7;
Electricity;Total final users of energy;2001;314,5;;335,2;20,7;;;314,5;-38,6;2,7;;350,3;
Electricity;Total final users of energy;2002;319,8;;342,3;22,5;;;319,8;-38,8;2,8;;355,8;
Electricity;Total final users of energy;2003;324,4;;347;22,6;;;324,4;-39,5;2,7;;361,2;
Electricity;Total final users of energy;2004;332,4;;355,5;23,1;;;332,4;-40,3;2,7;;370;
Electricity;Total final users of energy;2005;334,4;;360,7;26,3;;;334,4;-45,2;3;;376,7;
Electricity;Total final users of energy;2006;333,7;;365,2;31,5;;;333,7;-50,5;3,1;;381,1;
Electricity;Total final users of energy;2007;334,4;;372,1;37,7;;;334,4;-57,9;3,2;;389,1;
Electricity;Total final users of energy;2008;324,7;;372,3;47,7;;;324,7;-70,5;3,8;;391,4;
Electricity;Total final users of energy;2009;311,2;;358,5;47,3;;;311,2;-70,8;3,9;;378;
Electricity;Total final users of energy;2010;313,4;;369,3;55,9;;;313,4;-79,4;4,1;;388,7;
Electricity;Total final users of energy;2011;311,5;;369,1;57,6;;;311,5;-82;4,2;;389,2;
Electricity;Total final users of energy;2012;296,6;;354,4;57,8;;;296,6;-82,5;4,6;;374,5;
Electricity;Total final users of energy;2013;299,7;;355;55,2;;;299,7;-80,6;4,4;;375,9;
Electricity;Total final users of energy;2014;298,2;;345,5;47,3;;;298,2;-72,2;4,3;;366;
Electricity;Total final users of energy;2015;302,3;;353,4;51,1;;;302,3;-75,3;4,1;;373,4;
Electricity;Total final users of energy;2016;305;;357;52;;;305;-76,3;4,4;;376,9;
Electricity;Total final users of energy;2017;301,1;;356,6;55,5;;;301,1;-84,3;4,7;;380,7;
Electricity;Total final users of energy;2018;302,4;;363,4;61;;;302,4;-90,2;4,6;;388;
Electricity;Total final users of energy;2019;294,3;;358,2;64;;;294,3;-97,9;4,7;;387,4;
Electricity;Total final users of energy;2020;270,1;;351,5;81,4;;;270,1;-117,4;4,7;;382,8;
Electricity;Total final users of energy;2021**;263,1;;351,4;88,3;;;263,1;-127,6;4,9;;385,8;
Electricity;Total final users of energy;2022**;249,1;;341,4;92,3;;;249,1;-130;4,9;;374,2;
Heat;Total energy sector and final users;1990;;;47,3;47,3;;;;-151,3;17,8;1,6;131,9;
Heat;Total energy sector and final users;1991;;;59,2;59,2;;;;-165,8;22,2;3;140,6;
Heat;Total energy sector and final users;1992;;;62;62;;;;-170,3;17,3;3,1;149,9;
Heat;Total energy sector and final users;1993;;;75,7;75,7;;;;-167,2;17,4;3,9;145,9;
Heat;Total energy sector and final users;1994;;;96,1;96,1;;;;-184,2;17,1;4,4;162,7;
Heat;Total energy sector and final users;1995;;;137,8;137,8;;;;-208,2;17,7;4,7;185,8;
Heat;Total energy sector and final users;1996;;;155;155;;;;-222,4;18,4;5,6;198,3;
Heat;Total energy sector and final users;1997;;;190,8;190,8;;;;-220,4;16;4,2;200,3;
Heat;Total energy sector and final users;1998;;;227,2;227,2;;;;-231,1;19,5;4,9;206,8;
Heat;Total energy sector and final users;1999;;;211,6;211,6;;;;-239,2;18,8;4,4;216;
Heat;Total energy sector and final users;2000;;;209;209;;;;-240,1;21,6;4,5;213,9;
Heat;Total energy sector and final users;2001;;;209,4;209,4;;;;-240,5;22,5;4,7;213,3;
Heat;Total energy sector and final users;2002;;;219,9;219,9;;;;-239,6;21,6;4,9;213,1;
Heat;Total energy sector and final users;2003;;;222,6;222,6;;;;-239,7;21,2;5,1;213,3;
Heat;Total energy sector and final users;2004;;;229,2;229,2;;;;-247;20,2;5,3;221,5;
Heat;Total energy sector and final users;2005;;;219,2;219,2;;;;-246,2;20,4;5,1;220,7;
Heat;Total energy sector and final users;2006;;;195;195;;;;-222,3;16,2;5,1;201;
Heat;Total energy sector and final users;2007;;;190,9;190,9;;;;-230,8;21,2;3,7;205,9;
Heat;Total energy sector and final users;2008;;;189,4;189,4;;;;-240,9;19,4;3,9;217,6;
Heat;Total energy sector and final users;2009;;;189,5;189,5;;;;-226,8;22,7;3,9;200,3;
Heat;Total energy sector and final users;2010;;;199;199;;;;-245,2;24,2;4,2;216,8;
Heat;Total energy sector and final users;2011;;;192,6;192,6;;;;-236,7;23,1;3,8;209,7;
Heat;Total energy sector and final users;2012;;;184,1;184,1;;;;-225,5;21,1;3,4;201;
Heat;Total energy sector and final users;2013;;;184,8;184,8;;;;-222,2;18,9;3,5;199,9;
Heat;Total energy sector and final users;2014;;;179,5;179,5;;;;-201,1;17,1;3,1;180,9;
Heat;Total energy sector and final users;2015;;;172,6;172,6;;;;-196,4;16,4;8,2;171,8;
Heat;Total energy sector and final users;2016;;;164,2;164,2;;;;-189,9;15,5;8,7;165,8;
Heat;Total energy sector and final users;2017;;;160,9;160,9;;;;-191,1;15,5;8,4;167,2;
Heat;Total energy sector and final users;2018;;;144,9;144,9;;;;-184,6;13,9;8,1;162,5;
Heat;Total energy sector and final users;2019;;;136;136;;;;-194,5;15,3;8,3;170,8;
Heat;Total energy sector and final users;2020;;;124,2;124,2;;;;-196;15,2;8,5;172,3;
Heat;Total energy sector and final users;2021**;;;127,5;127,5;;;;-202,1;15,2;8,6;178,3;
Heat;Total energy sector and final users;2022**;;;117,8;117,8;;;;-176,4;17,8;8,6;150;
Heat;Total energy sector;1990;-20,8;;11,1;31,9;;;-20,8;-40,2;17,8;1,6;;
Heat;Total energy sector;1991;-26,9;;16,2;43,1;;;-26,9;-52,2;22,2;3;;
Heat;Total energy sector;1992;-28,8;;16,3;45,1;;;-28,8;-49,2;17,3;3,1;;
Heat;Total energy sector;1993;-39,8;;17;56,7;;;-39,8;-61,1;17,4;3,9;;
Heat;Total energy sector;1994;-59;;16;75;;;-59;-80,5;17,1;4,4;;
Heat;Total energy sector;1995;-96,4;;18,8;115,2;;;-96,4;-118,8;17,7;4,7;;
Heat;Total energy sector;1996;-108,3;;24,1;132,4;;;-108,3;-132,4;18,4;5,6;;
Heat;Total energy sector;1997;-106,9;;42,8;149,7;;;-106,9;-127,1;16;4,2;;
Heat;Total energy sector;1998;-117;;56;173;;;-117;-141,4;19,5;4,9;;
Heat;Total energy sector;1999;-127;;49,2;176,2;;;-127;-150,1;18,8;4,4;;
Heat;Total energy sector;2000;-122,8;;47,4;170,1;;;-122,8;-148,9;21,6;4,5;;
Heat;Total energy sector;2001;-125,9;;44,8;170,7;;;-125,9;-153,1;22,5;4,7;;
Heat;Total energy sector;2002;-127,7;;47,9;175,6;;;-127,7;-154,2;21,6;4,9;;
Heat;Total energy sector;2003;-127,9;;50,9;178,8;;;-127,9;-154,2;21,2;5,1;;
Heat;Total energy sector;2004;-136,2;;53;189,2;;;-136,2;-161,8;20,2;5,3;;
Heat;Total energy sector;2005;-130,6;;51,1;181,6;;;-130,6;-156;20,4;5,1;;
Heat;Total energy sector;2006;-105,7;;53,3;159;;;-105,7;-127;16,2;5,1;;
Heat;Total energy sector;2007;-104,9;;49,6;154,5;;;-104,9;-129,9;21,2;3,7;;
Heat;Total energy sector;2008;-103,4;;50,3;153,7;;;-103,4;-126,6;19,4;3,9;;
Heat;Total energy sector;2009;-88,1;;66;154,1;;;-88,1;-114,7;22,7;3,9;;
Heat;Total energy sector;2010;-92,1;;71,6;163,6;;;-92,1;-120,5;24,2;4,2;;
Heat;Total energy sector;2011;-85,4;;70,6;155,9;;;-85,4;-112,4;23,1;3,8;;
Heat;Total energy sector;2012;-74,4;;68,3;142,7;;;-74,4;-98,9;21,1;3,4;;
Heat;Total energy sector;2013;-75,9;;66,7;142,6;;;-75,9;-98,2;18,9;3,5;;
Heat;Total energy sector;2014;-70,3;;65,4;135,7;;;-70,3;-90,5;17,1;3,1;;
Heat;Total energy sector;2015;-59,6;;50;109,6;;;-59,6;-84,2;16,4;8,2;;
Heat;Total energy sector;2016;-53,8;;47,4;101,2;;;-53,8;-77,9;15,5;8,7;;
Heat;Total energy sector;2017;-45,6;;51,5;97,1;;;-45,6;-69,6;15,5;8,4;;
Heat;Total energy sector;2018;-49,8;;39,4;89,2;;;-49,8;-71,8;13,9;8,1;;
Heat;Total energy sector;2019;-49,7;;40,6;90,3;;;-49,7;-73,4;15,3;8,3;;
Heat;Total energy sector;2020;-37,8;;39,8;77,6;;;-37,8;-61,5;15,2;8,5;;
Heat;Total energy sector;2021**;-40;;39,1;79,1;;;-40;-63,8;15,2;8,6;;
Heat;Total energy sector;2022**;-32,3;;39,7;71,9;;;-32,3;-58,7;17,8;8,6;;
Heat;Total final users of energy;1990;20,8;;36,2;15,4;;;20,8;-111,1;;;131,9;
Heat;Total final users of energy;1991;26,9;;43;16,1;;;26,9;-113,7;;;140,6;
Heat;Total final users of energy;1992;28,8;;45,7;16,9;;;28,8;-121,1;;;149,9;
Heat;Total final users of energy;1993;39,8;;58,8;19;;;39,8;-106,2;;;145,9;
Heat;Total final users of energy;1994;59;;80,1;21,1;;;59;-103,7;;;162,7;
Heat;Total final users of energy;1995;96,4;;119;22,5;;;96,4;-89,4;;;185,8;
Heat;Total final users of energy;1996;108,3;;130,9;22,6;;;108,3;-90;;;198,3;
Heat;Total final users of energy;1997;106,9;;148;41,1;;;106,9;-93,4;;;200,3;
Heat;Total final users of energy;1998;117;;171,2;54,2;;;117;-89,7;;;206,8;
Heat;Total final users of energy;1999;127;;162,4;35,4;;;127;-89,1;;;216;
Heat;Total final users of energy;2000;122,8;;161,6;38,9;;;122,8;-91,2;;;213,9;
Heat;Total final users of energy;2001;125,9;;164,6;38,7;;;125,9;-87,4;;;213,3;
Heat;Total final users of energy;2002;127,7;;172;44,3;;;127,7;-85,4;;;213,1;
Heat;Total final users of energy;2003;127,9;;171,7;43,9;;;127,9;-85,5;;;213,3;
Heat;Total final users of energy;2004;136,2;;176,2;39,9;;;136,2;-85,3;;;221,5;
Heat;Total final users of energy;2005;130,6;;168,2;37,6;;;130,6;-90,2;;;220,7;
Heat;Total final users of energy;2006;105,7;;141,7;36;;;105,7;-95,3;;;201;
Heat;Total final users of energy;2007;104,9;;141,3;36,4;;;104,9;-101;;;205,9;
Heat;Total final users of energy;2008;103,4;;139,1;35,7;;;103,4;-114,2;;;217,6;
Heat;Total final users of energy;2009;88,1;;123,5;35,4;;;88,1;-112,1;;;200,3;
Heat;Total final users of energy;2010;92,1;;127,4;35,3;;;92,1;-124,7;;;216,8;
Heat;Total final users of energy;2011;85,4;;122;36,6;;;85,4;-124,3;;;209,7;
Heat;Total final users of energy;2012;74,4;;115,9;41,5;;;74,4;-126,6;;;201;
Heat;Total final users of energy;2013;75,9;;118,1;42,2;;;75,9;-124;;;199,9;
Heat;Total final users of energy;2014;70,3;;114,1;43,8;;;70,3;-110,6;;;180,9;
Heat;Total final users of energy;2015;59,6;;122,5;62,9;;;59,6;-112,2;;;171,8;
Heat;Total final users of energy;2016;53,8;;116,8;63;;;53,8;-112;;;165,8;
Heat;Total final users of energy;2017;45,6;;109,4;63,8;;;45,6;-121,6;;;167,2;
Heat;Total final users of energy;2018;49,8;;105,5;55,7;;;49,8;-112,8;;;162,5;
Heat;Total final users of energy;2019;49,7;;95,4;45,7;;;49,7;-121,1;;;170,8;
Heat;Total final users of energy;2020;37,8;;84,4;46,6;;;37,8;-134,5;;;172,3;
Heat;Total final users of energy;2021**;40;;88,4;48,3;;;40;-138,3;;;178,3;
Heat;Total final users of energy;2022**;32,3;;78,1;45,8;;;32,3;-117,7;;;150;
Total other energy commodities;Total energy sector and final users;1990;52,8;52,8;;;;;52,8;49,4;;;3,4;
Total other energy commodities;Total energy sector and final users;1991;50;50;;;;;50;47,4;;;2,6;
Total other energy commodities;Total energy sector and final users;1992;61;61;;;;;61;57,2;;;3,9;
Total other energy commodities;Total energy sector and final users;1993;61,7;61,7;;;;;61,7;59,6;;;2,1;
Total other energy commodities;Total energy sector and final users;1994;61,4;61,4;;;;;61,4;60;;;1,4;
Total other energy commodities;Total energy sector and final users;1995;66;66;;;;;66;62,4;;;3,6;
Total other energy commodities;Total energy sector and final users;1996;71,2;71,2;;;;;71,2;67,7;;;3,5;
Total other energy commodities;Total energy sector and final users;1997;56,1;56,1;;;;;56,1;52,3;;;3,9;
Total other energy commodities;Total energy sector and final users;1998;71,2;71,2;;;;;71,2;67,4;;;3,8;
Total other energy commodities;Total energy sector and final users;1999;72,2;72,2;;;;;72,2;68,9;;;3,3;
Total other energy commodities;Total energy sector and final users;2000;72;72;;;;;72;69,5;;;2,5;
Total other energy commodities;Total energy sector and final users;2001;72,8;72,8;;;;;72,8;70,5;;;2,3;
Total other energy commodities;Total energy sector and final users;2002;74,2;74,2;;;;;74,2;71,2;;;3;
Total other energy commodities;Total energy sector and final users;2003;77,3;77,3;;;;;77,3;74,4;;;2,9;
Total other energy commodities;Total energy sector and final users;2004;77,4;77,4;;;;;77,4;72,7;;;4,7;
Total other energy commodities;Total energy sector and final users;2005;80,6;80,6;;;;;80,6;74,5;;;6,2;
Total other energy commodities;Total energy sector and final users;2006;73,4;73,4;;;;;73,4;67,5;;;5,8;
Total other energy commodities;Total energy sector and final users;2007;80;80;;;;;80;74,3;;;5,7;
Total other energy commodities;Total energy sector and final users;2008;80,2;80,2;;;;;80,2;74,9;;;5,3;
Total other energy commodities;Total energy sector and final users;2009;80;80;;;;;80;75,2;;;4,8;
Total other energy commodities;Total energy sector and final users;2010;75,5;75,5;;;;;75,5;71,9;;;3,7;
Total other energy commodities;Total energy sector and final users;2011;78,8;78,2;1,6;1,1;;;78,8;75;;;3,8;
Total other energy commodities;Total energy sector and final users;2012;78,6;75,4;4,3;1,2;;;78,6;73,4;;;5,2;
Total other energy commodities;Total energy sector and final users;2013;69,3;63,4;7,1;1,2;;;69,3;64;;;5,2;
Total other energy commodities;Total energy sector and final users;2014;81,5;75,6;7,2;1,2;;;81,5;77,6;;;4;
Total other energy commodities;Total energy sector and final users;2015;83,6;77,3;7,7;1,5;;;83,6;83,5;;;0,1;
Total other energy commodities;Total energy sector and final users;2016;85,3;77,6;9,2;1,5;;;85,3;84,9;;;0,4;
Total other energy commodities;Total energy sector and final users;2017;80,9;73,4;9;1,5;;;80,9;80,2;;;0,7;
Total other energy commodities;Total energy sector and final users;2018;81,7;74,8;8,4;1,5;;;81,7;80,9;;;0,7;
Total other energy commodities;Total energy sector and final users;2019;84,8;79,2;7,1;1,5;;;84,8;84,2;;;0,7;
Total other energy commodities;Total energy sector and final users;2020;89,1;85,8;4,7;1,5;;;89,1;88,5;;;0,6;
Total other energy commodities;Total energy sector and final users;2021**;87,7;83,7;4,8;0,9;;;87,7;87,6;;;0,1;
Total other energy commodities;Total energy sector and final users;2022**;89,6;85,7;4,8;0,9;;;89,6;89,6;;;0,1;
Total other energy commodities;Total energy sector;1990;38,5;38,5;;;;;38,5;38,5;;;;
Total other energy commodities;Total energy sector;1991;36,4;36,4;;;;;36,4;36,4;;;;
Total other energy commodities;Total energy sector;1992;43,8;43,8;;;;;43,8;43,8;;;;
Total other energy commodities;Total energy sector;1993;43,4;43,4;;;;;43,4;43,4;;;;
Total other energy commodities;Total energy sector;1994;43,4;43,4;;;;;43,4;43,4;;;;
Total other energy commodities;Total energy sector;1995;43,9;43,9;;;;;43,9;43,9;;;;
Total other energy commodities;Total energy sector;1996;45,2;45,2;;;;;45,2;45,2;;;;
Total other energy commodities;Total energy sector;1997;25,9;25,9;;;;;25,9;25,9;;;;
Total other energy commodities;Total energy sector;1998;40;40;;;;;40;40;;;;
Total other energy commodities;Total energy sector;1999;40,2;40,2;;;;;40,2;40,2;;;;
Total other energy commodities;Total energy sector;2000;41,2;41,2;;;;;41,2;41,2;;;;
Total other energy commodities;Total energy sector;2001;41,6;41,6;;;;;41,6;41,6;;;;
Total other energy commodities;Total energy sector;2002;41;41;;;;;41;41;;;;
Total other energy commodities;Total energy sector;2003;42;42;;;;;42;42;;;;
Total other energy commodities;Total energy sector;2004;40,1;40,1;;;;;40,1;40,1;;;;
Total other energy commodities;Total energy sector;2005;42,1;42,1;;;;;42,1;42,1;;;;
Total other energy commodities;Total energy sector;2006;36,7;36,7;;;;;36,7;36,7;;;;
Total other energy commodities;Total energy sector;2007;41,8;41,8;;;;;41,8;41,8;;;;
Total other energy commodities;Total energy sector;2008;40,8;40,8;;;;;40,8;40,8;;;;
Total other energy commodities;Total energy sector;2009;41,6;41,6;;;;;41,6;41,6;;;;
Total other energy commodities;Total energy sector;2010;39,1;39,1;;;;;39,1;39,1;;;;
Total other energy commodities;Total energy sector;2011;40,8;40,8;;;;;40,8;40,8;;;;
Total other energy commodities;Total energy sector;2012;39,1;39,1;;;;;39,1;39,1;;;;
Total other energy commodities;Total energy sector;2013;28,3;28,3;;;;;28,3;28,3;;;;
Total other energy commodities;Total energy sector;2014;40,9;40,9;;;;;40,9;40,9;;;;
Total other energy commodities;Total energy sector;2015;41;40,7;0,3;;;;41;41;;;;
Total other energy commodities;Total energy sector;2016;40,1;39,8;0,3;;;;40,1;40,1;;;;
Total other energy commodities;Total energy sector;2017;34,5;34,5;;;;;34,5;34,5;;;;
Total other energy commodities;Total energy sector;2018;35,3;35,3;;;;;35,3;35,3;;;;
Total other energy commodities;Total energy sector;2019;38,8;38,8;;;;;38,8;38,8;;;;
Total other energy commodities;Total energy sector;2020;41,1;41,1;;;;;41,1;41,1;;;;
Total other energy commodities;Total energy sector;2021**;38,6;38,6;;;;;38,6;38,6;;;;
Total other energy commodities;Total energy sector;2022**;41,5;41,5;;;;;41,5;41,5;;;;
Total other energy commodities;Total final users of energy;1990;14,3;14,3;;;;;14,3;10,9;;;3,4;
Total other energy commodities;Total final users of energy;1991;13,6;13,6;;;;;13,6;11;;;2,6;
Total other energy commodities;Total final users of energy;1992;17,2;17,2;;;;;17,2;13,4;;;3,9;
Total other energy commodities;Total final users of energy;1993;18,3;18,3;;;;;18,3;16,2;;;2,1;
Total other energy commodities;Total final users of energy;1994;18;18;;;;;18;16,6;;;1,4;
Total other energy commodities;Total final users of energy;1995;22,1;22,1;;;;;22,1;18,5;;;3,6;
Total other energy commodities;Total final users of energy;1996;26;26;;;;;26;22,5;;;3,5;
Total other energy commodities;Total final users of energy;1997;30,2;30,2;;;;;30,2;26,4;;;3,9;
Total other energy commodities;Total final users of energy;1998;31,2;31,2;;;;;31,2;27,4;;;3,8;
Total other energy commodities;Total final users of energy;1999;31,9;31,9;;;;;31,9;28,6;;;3,3;
Total other energy commodities;Total final users of energy;2000;30,8;30,8;;;;;30,8;28,2;;;2,5;
Total other energy commodities;Total final users of energy;2001;31,1;31,1;;;;;31,1;28,9;;;2,3;
Total other energy commodities;Total final users of energy;2002;33,2;33,2;;;;;33,2;30,2;;;3;
Total other energy commodities;Total final users of energy;2003;35,3;35,3;;;;;35,3;32,4;;;2,9;
Total other energy commodities;Total final users of energy;2004;37,4;37,4;;;;;37,4;32,7;;;4,7;
Total other energy commodities;Total final users of energy;2005;38,6;38,6;;;;;38,6;32,4;;;6,2;
Total other energy commodities;Total final users of energy;2006;36,7;36,7;;;;;36,7;30,9;;;5,8;
Total other energy commodities;Total final users of energy;2007;38,2;38,2;;;;;38,2;32,5;;;5,7;
Total other energy commodities;Total final users of energy;2008;39,4;39,4;;;;;39,4;34,1;;;5,3;
Total other energy commodities;Total final users of energy;2009;38,4;38,4;;;;;38,4;33,7;;;4,8;
Total other energy commodities;Total final users of energy;2010;36,5;36,5;;;;;36,5;32,8;;;3,7;
Total other energy commodities;Total final users of energy;2011;38,1;37,5;1,6;1,1;;;38,1;34,3;;;3,8;
Total other energy commodities;Total final users of energy;2012;39,5;36,4;4,3;1,2;;;39,5;34,3;;;5,2;
Total other energy commodities;Total final users of energy;2013;41;35;7,1;1,2;;;41;35,7;;;5,2;
Total other energy commodities;Total final users of energy;2014;40,7;34,7;7,2;1,2;;;40,7;36,7;;;4;
Total other energy commodities;Total final users of energy;2015;42,6;36,6;7,5;1,5;;;42,6;42,5;;;0,1;
Total other energy commodities;Total final users of energy;2016;45,2;37,8;8,9;1,5;;;45,2;44,8;;;0,4;
Total other energy commodities;Total final users of energy;2017;46,4;39;9;1,5;;;46,4;45,7;;;0,7;
Total other energy commodities;Total final users of energy;2018;46,4;39,5;8,4;1,5;;;46,4;45,6;;;0,7;
Total other energy commodities;Total final users of energy;2019;46;40,4;7,1;1,5;;;46;45,4;;;0,7;
Total other energy commodities;Total final users of energy;2020;47,9;44,7;4,7;1,5;;;47,9;47,3;;;0,6;
Total other energy commodities;Total final users of energy;2021**;49,1;45,2;4,8;0,9;;;49,1;49;;;0,1;
Total other energy commodities;Total final users of energy;2022**;48,2;44,2;4,8;0,9;;;48,2;48,1;;;0,1;
