Energy sources and techniques;Energy application;Periods;Final consumption (TJ);Final consumption relative (% total energy cons.)
Total excluding statistical transfer;Total energy applications;1990;21772;1,2
Total excluding statistical transfer;Total energy applications;1991;22528;1,16
Total excluding statistical transfer;Total energy applications;1992;23188;1,21
Total excluding statistical transfer;Total energy applications;1993;23930;1,2
Total excluding statistical transfer;Total energy applications;1994;24303;1,24
Total excluding statistical transfer;Total energy applications;1995;25459;1,25
Total excluding statistical transfer;Total energy applications;1996;27993;1,27
Total excluding statistical transfer;Total energy applications;1997;30871;1,46
Total excluding statistical transfer;Total energy applications;1998;31932;1,51
Total excluding statistical transfer;Total energy applications;1999;33301;1,6
Total excluding statistical transfer;Total energy applications;2000;34689;1,62
Total excluding statistical transfer;Total energy applications;2001;36562;1,68
Total excluding statistical transfer;Total energy applications;2002;40076;1,85
Total excluding statistical transfer;Total energy applications;2003;40600;1,84
Total excluding statistical transfer;Total energy applications;2004;47422;2,04
Total excluding statistical transfer;Total energy applications;2005;57143;2,48
Total excluding statistical transfer;Total energy applications;2006;63478;2,78
Total excluding statistical transfer;Total energy applications;2007;74123;3,3
Total excluding statistical transfer;Total energy applications;2008;82081;3,6
Total excluding statistical transfer;Total energy applications;2009;93660;4,27
Total excluding statistical transfer;Total energy applications;2010;92411;3,92
Total excluding statistical transfer;Total energy applications;2011;99256;4,53
Total excluding statistical transfer;Total energy applications;2012;102676;4,66
Total excluding statistical transfer;Total energy applications;2013;103463;4,69
Total excluding statistical transfer;Total energy applications;2014;108835;5,42
Total excluding statistical transfer;Total energy applications;2015;117192;5,73
Total excluding statistical transfer;Total energy applications;2016;122177;5,84
Total excluding statistical transfer;Total energy applications;2017;136815;6,5
Total excluding statistical transfer;Total energy applications;2018;156304;7,39
Total excluding statistical transfer;Total energy applications;2019;184632;8,89
Total excluding statistical transfer;Total energy applications;2020;223015;11,47
Total excluding statistical transfer;Total energy applications;2021**;260748;13
Total excluding statistical transfer;Total energy applications;2022*;277076;15
Total including statistical transfer;Total energy applications;1990;21772;1,2
Total including statistical transfer;Total energy applications;1991;22528;1,16
Total including statistical transfer;Total energy applications;1992;23188;1,21
Total including statistical transfer;Total energy applications;1993;23930;1,2
Total including statistical transfer;Total energy applications;1994;24303;1,24
Total including statistical transfer;Total energy applications;1995;25459;1,25
Total including statistical transfer;Total energy applications;1996;27993;1,27
Total including statistical transfer;Total energy applications;1997;30871;1,46
Total including statistical transfer;Total energy applications;1998;31932;1,51
Total including statistical transfer;Total energy applications;1999;33301;1,6
Total including statistical transfer;Total energy applications;2000;34689;1,62
Total including statistical transfer;Total energy applications;2001;36562;1,68
Total including statistical transfer;Total energy applications;2002;40076;1,85
Total including statistical transfer;Total energy applications;2003;40600;1,84
Total including statistical transfer;Total energy applications;2004;47422;2,04
Total including statistical transfer;Total energy applications;2005;57143;2,48
Total including statistical transfer;Total energy applications;2006;63478;2,78
Total including statistical transfer;Total energy applications;2007;74123;3,3
Total including statistical transfer;Total energy applications;2008;82081;3,6
Total including statistical transfer;Total energy applications;2009;93660;4,27
Total including statistical transfer;Total energy applications;2010;92411;3,92
Total including statistical transfer;Total energy applications;2011;99256;4,53
Total including statistical transfer;Total energy applications;2012;102676;4,66
Total including statistical transfer;Total energy applications;2013;103463;4,69
Total including statistical transfer;Total energy applications;2014;108835;5,42
Total including statistical transfer;Total energy applications;2015;117192;5,73
Total including statistical transfer;Total energy applications;2016;122177;5,84
Total including statistical transfer;Total energy applications;2017;136815;6,5
Total including statistical transfer;Total energy applications;2018;156304;7,39
Total including statistical transfer;Total energy applications;2019;184632;8,89
Total including statistical transfer;Total energy applications;2020;272155;14
Total including statistical transfer;Total energy applications;2021**;260748;13
Total including statistical transfer;Total energy applications;2022*;277076;15
Statistical transfer;Total energy applications;1990;;
Statistical transfer;Total energy applications;1991;;
Statistical transfer;Total energy applications;1992;;
Statistical transfer;Total energy applications;1993;;
Statistical transfer;Total energy applications;1994;;
Statistical transfer;Total energy applications;1995;;
Statistical transfer;Total energy applications;1996;;
Statistical transfer;Total energy applications;1997;;
Statistical transfer;Total energy applications;1998;;
Statistical transfer;Total energy applications;1999;;
Statistical transfer;Total energy applications;2000;;
Statistical transfer;Total energy applications;2001;;
Statistical transfer;Total energy applications;2002;;
Statistical transfer;Total energy applications;2003;;
Statistical transfer;Total energy applications;2004;;
Statistical transfer;Total energy applications;2005;;
Statistical transfer;Total energy applications;2006;;
Statistical transfer;Total energy applications;2007;;
Statistical transfer;Total energy applications;2008;;
Statistical transfer;Total energy applications;2009;;
Statistical transfer;Total energy applications;2010;;
Statistical transfer;Total energy applications;2011;;
Statistical transfer;Total energy applications;2012;;
Statistical transfer;Total energy applications;2013;;
Statistical transfer;Total energy applications;2014;;
Statistical transfer;Total energy applications;2015;;
Statistical transfer;Total energy applications;2016;;
Statistical transfer;Total energy applications;2017;;
Statistical transfer;Total energy applications;2018;;
Statistical transfer;Total energy applications;2019;;
Statistical transfer;Total energy applications;2020;49140;2,53
Statistical transfer;Total energy applications;2021**;0;0
Statistical transfer;Total energy applications;2022*;0;0
Hydro power;Total energy applications;1990;306;0,02
Hydro power;Total energy applications;1991;340;0,02
Hydro power;Total energy applications;1992;371;0,02
Hydro power;Total energy applications;1993;361;0,02
Hydro power;Total energy applications;1994;361;0,02
Hydro power;Total energy applications;1995;353;0,02
Hydro power;Total energy applications;1996;344;0,02
Hydro power;Total energy applications;1997;342;0,02
Hydro power;Total energy applications;1998;349;0,02
Hydro power;Total energy applications;1999;347;0,02
Hydro power;Total energy applications;2000;362;0,02
Hydro power;Total energy applications;2001;367;0,02
Hydro power;Total energy applications;2002;369;0,02
Hydro power;Total energy applications;2003;361;0,02
Hydro power;Total energy applications;2004;360;0,02
Hydro power;Total energy applications;2005;361;0,02
Hydro power;Total energy applications;2006;361;0,02
Hydro power;Total energy applications;2007;358;0,02
Hydro power;Total energy applications;2008;360;0,02
Hydro power;Total energy applications;2009;360;0,02
Hydro power;Total energy applications;2010;364;0,02
Hydro power;Total energy applications;2011;358;0,02
Hydro power;Total energy applications;2012;361;0,02
Hydro power;Total energy applications;2013;362;0,02
Hydro power;Total energy applications;2014;367;0,02
Hydro power;Total energy applications;2015;355;0,02
Hydro power;Total energy applications;2016;351;0,02
Hydro power;Total energy applications;2017;339;0,02
Hydro power;Total energy applications;2018;340;0,02
Hydro power;Total energy applications;2019;334;0,02
Hydro power;Total energy applications;2020;324;0,02
Hydro power;Total energy applications;2021**;319;0,02
Hydro power;Total energy applications;2022*;312;0,02
Wind energy, total;Total energy applications;1990;202;0,01
Wind energy, total;Total energy applications;1991;317;0,02
Wind energy, total;Total energy applications;1992;492;0,03
Wind energy, total;Total energy applications;1993;624;0,03
Wind energy, total;Total energy applications;1994;794;0,04
Wind energy, total;Total energy applications;1995;1132;0,06
Wind energy, total;Total energy applications;1996;1568;0,07
Wind energy, total;Total energy applications;1997;1761;0,08
Wind energy, total;Total energy applications;1998;2056;0,1
Wind energy, total;Total energy applications;1999;2312;0,11
Wind energy, total;Total energy applications;2000;2678;0,13
Wind energy, total;Total energy applications;2001;2958;0,14
Wind energy, total;Total energy applications;2002;3672;0,17
Wind energy, total;Total energy applications;2003;4892;0,22
Wind energy, total;Total energy applications;2004;6347;0,27
Wind energy, total;Total energy applications;2005;7321;0,32
Wind energy, total;Total energy applications;2006;9145;0,4
Wind energy, total;Total energy applications;2007;11396;0,51
Wind energy, total;Total energy applications;2008;14131;0,62
Wind energy, total;Total energy applications;2009;16131;0,73
Wind energy, total;Total energy applications;2010;16210;0,69
Wind energy, total;Total energy applications;2011;17010;0,78
Wind energy, total;Total energy applications;2012;17780;0,81
Wind energy, total;Total energy applications;2013;19324;0,88
Wind energy, total;Total energy applications;2014;20914;1,04
Wind energy, total;Total energy applications;2015;24900;1,22
Wind energy, total;Total energy applications;2016;30110;1,44
Wind energy, total;Total energy applications;2017;34710;1,65
Wind energy, total;Total energy applications;2018;36106;1,71
Wind energy, total;Total energy applications;2019;38784;1,87
Wind energy, total;Total energy applications;2020;50215;2,58
Wind energy, total;Total energy applications;2021**;68618;3,42
Wind energy, total;Total energy applications;2022*;77616;4,2
Wind energy on shore;Total energy applications;1990;202;0,01
Wind energy on shore;Total energy applications;1991;317;0,02
Wind energy on shore;Total energy applications;1992;492;0,03
Wind energy on shore;Total energy applications;1993;624;0,03
Wind energy on shore;Total energy applications;1994;794;0,04
Wind energy on shore;Total energy applications;1995;1132;0,06
Wind energy on shore;Total energy applications;1996;1568;0,07
Wind energy on shore;Total energy applications;1997;1761;0,08
Wind energy on shore;Total energy applications;1998;2056;0,1
Wind energy on shore;Total energy applications;1999;2312;0,11
Wind energy on shore;Total energy applications;2000;2678;0,13
Wind energy on shore;Total energy applications;2001;2958;0,14
Wind energy on shore;Total energy applications;2002;3672;0,17
Wind energy on shore;Total energy applications;2003;4892;0,22
Wind energy on shore;Total energy applications;2004;6347;0,27
Wind energy on shore;Total energy applications;2005;7321;0,32
Wind energy on shore;Total energy applications;2006;8917;0,39
Wind energy on shore;Total energy applications;2007;10304;0,46
Wind energy on shore;Total energy applications;2008;12154;0,53
Wind energy on shore;Total energy applications;2009;13543;0,62
Wind energy on shore;Total energy applications;2010;13455;0,57
Wind energy on shore;Total energy applications;2011;14336;0,65
Wind energy on shore;Total energy applications;2012;14963;0,68
Wind energy on shore;Total energy applications;2013;16676;0,76
Wind energy on shore;Total energy applications;2014;18215;0,91
Wind energy on shore;Total energy applications;2015;21174;1,03
Wind energy on shore;Total energy applications;2016;21748;1,04
Wind energy on shore;Total energy applications;2017;22560;1,07
Wind energy on shore;Total energy applications;2018;23681;1,12
Wind energy on shore;Total energy applications;2019;26743;1,29
Wind energy on shore;Total energy applications;2020;32264;1,66
Wind energy on shore;Total energy applications;2021**;38002;1,89
Wind energy on shore;Total energy applications;2022*;47442;2,57
Wind energy off shore;Total energy applications;1990;;
Wind energy off shore;Total energy applications;1991;;
Wind energy off shore;Total energy applications;1992;;
Wind energy off shore;Total energy applications;1993;;
Wind energy off shore;Total energy applications;1994;;
Wind energy off shore;Total energy applications;1995;;
Wind energy off shore;Total energy applications;1996;;
Wind energy off shore;Total energy applications;1997;;
Wind energy off shore;Total energy applications;1998;;
Wind energy off shore;Total energy applications;1999;;
Wind energy off shore;Total energy applications;2000;;
Wind energy off shore;Total energy applications;2001;;
Wind energy off shore;Total energy applications;2002;;
Wind energy off shore;Total energy applications;2003;;
Wind energy off shore;Total energy applications;2004;;
Wind energy off shore;Total energy applications;2005;;
Wind energy off shore;Total energy applications;2006;228;0,01
Wind energy off shore;Total energy applications;2007;1092;0,05
Wind energy off shore;Total energy applications;2008;1977;0,09
Wind energy off shore;Total energy applications;2009;2588;0,12
Wind energy off shore;Total energy applications;2010;2755;0,12
Wind energy off shore;Total energy applications;2011;2674;0,12
Wind energy off shore;Total energy applications;2012;2817;0,13
Wind energy off shore;Total energy applications;2013;2648;0,12
Wind energy off shore;Total energy applications;2014;2700;0,13
Wind energy off shore;Total energy applications;2015;3727;0,18
Wind energy off shore;Total energy applications;2016;8362;0,4
Wind energy off shore;Total energy applications;2017;12150;0,58
Wind energy off shore;Total energy applications;2018;12426;0,59
Wind energy off shore;Total energy applications;2019;12041;0,58
Wind energy off shore;Total energy applications;2020;17951;0,92
Wind energy off shore;Total energy applications;2021**;30615;1,53
Wind energy off shore;Total energy applications;2022*;30173;1,63
Solar energy;Total energy applications;1990;102;0,01
Solar energy;Total energy applications;1991;115;0,01
Solar energy;Total energy applications;1992;139;0,01
Solar energy;Total energy applications;1993;157;0,01
Solar energy;Total energy applications;1994;184;0,01
Solar energy;Total energy applications;1995;216;0,01
Solar energy;Total energy applications;1996;251;0,01
Solar energy;Total energy applications;1997;303;0,01
Solar energy;Total energy applications;1998;358;0,02
Solar energy;Total energy applications;1999;424;0,02
Solar energy;Total energy applications;2000;482;0,02
Solar energy;Total energy applications;2001;553;0,03
Solar energy;Total energy applications;2002;634;0,03
Solar energy;Total energy applications;2003;715;0,03
Solar energy;Total energy applications;2004;795;0,03
Solar energy;Total energy applications;2005;847;0,04
Solar energy;Total energy applications;2006;886;0,04
Solar energy;Total energy applications;2007;934;0,04
Solar energy;Total energy applications;2008;988;0,04
Solar energy;Total energy applications;2009;1088;0,05
Solar energy;Total energy applications;2010;1196;0,05
Solar energy;Total energy applications;2011;1416;0,06
Solar energy;Total energy applications;2012;1757;0,08
Solar energy;Total energy applications;2013;2582;0,12
Solar energy;Total energy applications;2014;3739;0,19
Solar energy;Total energy applications;2015;5127;0,25
Solar energy;Total energy applications;2016;6913;0,33
Solar energy;Total energy applications;2017;9080;0,43
Solar energy;Total energy applications;2018;14510;0,69
Solar energy;Total energy applications;2019;20617;0,99
Solar energy;Total energy applications;2020;32729;1,68
Solar energy;Total energy applications;2021**;42547;2,12
Solar energy;Total energy applications;2022*;61740;3,34
Solar photovoltaic;Total energy applications;1990;2;0
Solar photovoltaic;Total energy applications;1991;2;0
Solar photovoltaic;Total energy applications;1992;3;0
Solar photovoltaic;Total energy applications;1993;4;0
Solar photovoltaic;Total energy applications;1994;5;0
Solar photovoltaic;Total energy applications;1995;5;0
Solar photovoltaic;Total energy applications;1996;7;0
Solar photovoltaic;Total energy applications;1997;9;0
Solar photovoltaic;Total energy applications;1998;13;0
Solar photovoltaic;Total energy applications;1999;20;0
Solar photovoltaic;Total energy applications;2000;28;0
Solar photovoltaic;Total energy applications;2001;42;0
Solar photovoltaic;Total energy applications;2002;59;0
Solar photovoltaic;Total energy applications;2003;91;0
Solar photovoltaic;Total energy applications;2004;121;0,01
Solar photovoltaic;Total energy applications;2005;128;0,01
Solar photovoltaic;Total energy applications;2006;132;0,01
Solar photovoltaic;Total energy applications;2007;135;0,01
Solar photovoltaic;Total energy applications;2008;143;0,01
Solar photovoltaic;Total energy applications;2009;162;0,01
Solar photovoltaic;Total energy applications;2010;201;0,01
Solar photovoltaic;Total energy applications;2011;376;0,02
Solar photovoltaic;Total energy applications;2012;686;0,03
Solar photovoltaic;Total energy applications;2013;1476;0,07
Solar photovoltaic;Total energy applications;2014;2611;0,13
Solar photovoltaic;Total energy applications;2015;3991;0,19
Solar photovoltaic;Total energy applications;2016;5767;0,28
Solar photovoltaic;Total energy applications;2017;7936;0,38
Solar photovoltaic;Total energy applications;2018;13354;0,63
Solar photovoltaic;Total energy applications;2019;19437;0,94
Solar photovoltaic;Total energy applications;2020;31553;1,62
Solar photovoltaic;Total energy applications;2021**;41383;2,06
Solar photovoltaic;Total energy applications;2022*;60576;3,28
Solar thermal, total;Total energy applications;1990;100;0,01
Solar thermal, total;Total energy applications;1991;113;0,01
Solar thermal, total;Total energy applications;1992;136;0,01
Solar thermal, total;Total energy applications;1993;154;0,01
Solar thermal, total;Total energy applications;1994;180;0,01
Solar thermal, total;Total energy applications;1995;211;0,01
Solar thermal, total;Total energy applications;1996;244;0,01
Solar thermal, total;Total energy applications;1997;294;0,01
Solar thermal, total;Total energy applications;1998;345;0,02
Solar thermal, total;Total energy applications;1999;404;0,02
Solar thermal, total;Total energy applications;2000;454;0,02
Solar thermal, total;Total energy applications;2001;511;0,02
Solar thermal, total;Total energy applications;2002;575;0,03
Solar thermal, total;Total energy applications;2003;624;0,03
Solar thermal, total;Total energy applications;2004;674;0,03
Solar thermal, total;Total energy applications;2005;719;0,03
Solar thermal, total;Total energy applications;2006;755;0,03
Solar thermal, total;Total energy applications;2007;798;0,04
Solar thermal, total;Total energy applications;2008;846;0,04
Solar thermal, total;Total energy applications;2009;926;0,04
Solar thermal, total;Total energy applications;2010;994;0,04
Solar thermal, total;Total energy applications;2011;1040;0,05
Solar thermal, total;Total energy applications;2012;1070;0,05
Solar thermal, total;Total energy applications;2013;1106;0,05
Solar thermal, total;Total energy applications;2014;1128;0,06
Solar thermal, total;Total energy applications;2015;1137;0,06
Solar thermal, total;Total energy applications;2016;1147;0,05
Solar thermal, total;Total energy applications;2017;1144;0,05
Solar thermal, total;Total energy applications;2018;1156;0,05
Solar thermal, total;Total energy applications;2019;1180;0,06
Solar thermal, total;Total energy applications;2020;1176;0,06
Solar thermal, total;Total energy applications;2021**;1164;0,06
Solar thermal, total;Total energy applications;2022*;1164;0,06
Total geothermal energy;Total energy applications;1990;;
Total geothermal energy;Total energy applications;1991;;
Total geothermal energy;Total energy applications;1992;;
Total geothermal energy;Total energy applications;1993;;
Total geothermal energy;Total energy applications;1994;28;0
Total geothermal energy;Total energy applications;1995;31;0
Total geothermal energy;Total energy applications;1996;36;0
Total geothermal energy;Total energy applications;1997;56;0
Total geothermal energy;Total energy applications;1998;90;0
Total geothermal energy;Total energy applications;1999;117;0,01
Total geothermal energy;Total energy applications;2000;156;0,01
Total geothermal energy;Total energy applications;2001;187;0,01
Total geothermal energy;Total energy applications;2002;244;0,01
Total geothermal energy;Total energy applications;2003;311;0,01
Total geothermal energy;Total energy applications;2004;452;0,02
Total geothermal energy;Total energy applications;2005;628;0,03
Total geothermal energy;Total energy applications;2006;840;0,04
Total geothermal energy;Total energy applications;2007;1141;0,05
Total geothermal energy;Total energy applications;2008;1584;0,07
Total geothermal energy;Total energy applications;2009;1983;0,09
Total geothermal energy;Total energy applications;2010;2501;0,11
Total geothermal energy;Total energy applications;2011;2854;0,13
Total geothermal energy;Total energy applications;2012;3347;0,15
Total geothermal energy;Total energy applications;2013;4140;0,19
Total geothermal energy;Total energy applications;2014;4906;0,24
Total geothermal energy;Total energy applications;2015;6082;0,3
Total geothermal energy;Total energy applications;2016;6699;0,32
Total geothermal energy;Total energy applications;2017;7127;0,34
Total geothermal energy;Total energy applications;2018;8114;0,38
Total geothermal energy;Total energy applications;2019;10279;0,49
Total geothermal energy;Total energy applications;2020;11282;0,58
Total geothermal energy;Total energy applications;2021**;11847;0,59
Total geothermal energy;Total energy applications;2022*;12792;0,69
Deep geothermal heat;Total energy applications;1990;;
Deep geothermal heat;Total energy applications;1991;;
Deep geothermal heat;Total energy applications;1992;;
Deep geothermal heat;Total energy applications;1993;;
Deep geothermal heat;Total energy applications;1994;;
Deep geothermal heat;Total energy applications;1995;;
Deep geothermal heat;Total energy applications;1996;;
Deep geothermal heat;Total energy applications;1997;;
Deep geothermal heat;Total energy applications;1998;;
Deep geothermal heat;Total energy applications;1999;;
Deep geothermal heat;Total energy applications;2000;;
Deep geothermal heat;Total energy applications;2001;;
Deep geothermal heat;Total energy applications;2002;;
Deep geothermal heat;Total energy applications;2003;;
Deep geothermal heat;Total energy applications;2004;;
Deep geothermal heat;Total energy applications;2005;;
Deep geothermal heat;Total energy applications;2006;;
Deep geothermal heat;Total energy applications;2007;;
Deep geothermal heat;Total energy applications;2008;96;0
Deep geothermal heat;Total energy applications;2009;142;0,01
Deep geothermal heat;Total energy applications;2010;318;0,01
Deep geothermal heat;Total energy applications;2011;316;0,01
Deep geothermal heat;Total energy applications;2012;495;0,02
Deep geothermal heat;Total energy applications;2013;993;0,05
Deep geothermal heat;Total energy applications;2014;1502;0,07
Deep geothermal heat;Total energy applications;2015;2448;0,12
Deep geothermal heat;Total energy applications;2016;2844;0,14
Deep geothermal heat;Total energy applications;2017;3047;0,14
Deep geothermal heat;Total energy applications;2018;3731;0,18
Deep geothermal heat;Total energy applications;2019;5563;0,27
Deep geothermal heat;Total energy applications;2020;6185;0,32
Deep geothermal heat;Total energy applications;2021**;6327;0,32
Deep geothermal heat;Total energy applications;2022*;6798;0,37
Total shallow geothermal energy;Total energy applications;1990;;
Total shallow geothermal energy;Total energy applications;1991;;
Total shallow geothermal energy;Total energy applications;1992;;
Total shallow geothermal energy;Total energy applications;1993;;
Total shallow geothermal energy;Total energy applications;1994;28;0
Total shallow geothermal energy;Total energy applications;1995;31;0
Total shallow geothermal energy;Total energy applications;1996;36;0
Total shallow geothermal energy;Total energy applications;1997;56;0
Total shallow geothermal energy;Total energy applications;1998;90;0
Total shallow geothermal energy;Total energy applications;1999;117;0,01
Total shallow geothermal energy;Total energy applications;2000;156;0,01
Total shallow geothermal energy;Total energy applications;2001;187;0,01
Total shallow geothermal energy;Total energy applications;2002;244;0,01
Total shallow geothermal energy;Total energy applications;2003;311;0,01
Total shallow geothermal energy;Total energy applications;2004;452;0,02
Total shallow geothermal energy;Total energy applications;2005;628;0,03
Total shallow geothermal energy;Total energy applications;2006;840;0,04
Total shallow geothermal energy;Total energy applications;2007;1141;0,05
Total shallow geothermal energy;Total energy applications;2008;1488;0,07
Total shallow geothermal energy;Total energy applications;2009;1841;0,08
Total shallow geothermal energy;Total energy applications;2010;2183;0,09
Total shallow geothermal energy;Total energy applications;2011;2538;0,12
Total shallow geothermal energy;Total energy applications;2012;2852;0,13
Total shallow geothermal energy;Total energy applications;2013;3147;0,14
Total shallow geothermal energy;Total energy applications;2014;3404;0,17
Total shallow geothermal energy;Total energy applications;2015;3634;0,18
Total shallow geothermal energy;Total energy applications;2016;3855;0,18
Total shallow geothermal energy;Total energy applications;2017;4081;0,19
Total shallow geothermal energy;Total energy applications;2018;4383;0,21
Total shallow geothermal energy;Total energy applications;2019;4715;0,23
Total shallow geothermal energy;Total energy applications;2020;5097;0,26
Total shallow geothermal energy;Total energy applications;2021**;5519;0,28
Total shallow geothermal energy;Total energy applications;2022*;5994;0,32
Aerothermal heat;Total energy applications;1990;;
Aerothermal heat;Total energy applications;1991;;
Aerothermal heat;Total energy applications;1992;;
Aerothermal heat;Total energy applications;1993;;
Aerothermal heat;Total energy applications;1994;7;0
Aerothermal heat;Total energy applications;1995;7;0
Aerothermal heat;Total energy applications;1996;8;0
Aerothermal heat;Total energy applications;1997;12;0
Aerothermal heat;Total energy applications;1998;19;0
Aerothermal heat;Total energy applications;1999;21;0
Aerothermal heat;Total energy applications;2000;23;0
Aerothermal heat;Total energy applications;2001;28;0
Aerothermal heat;Total energy applications;2002;44;0
Aerothermal heat;Total energy applications;2003;59;0
Aerothermal heat;Total energy applications;2004;72;0
Aerothermal heat;Total energy applications;2005;81;0
Aerothermal heat;Total energy applications;2006;90;0
Aerothermal heat;Total energy applications;2007;106;0
Aerothermal heat;Total energy applications;2008;195;0,01
Aerothermal heat;Total energy applications;2009;351;0,02
Aerothermal heat;Total energy applications;2010;536;0,02
Aerothermal heat;Total energy applications;2011;737;0,03
Aerothermal heat;Total energy applications;2012;961;0,04
Aerothermal heat;Total energy applications;2013;1230;0,06
Aerothermal heat;Total energy applications;2014;1592;0,08
Aerothermal heat;Total energy applications;2015;2019;0,1
Aerothermal heat;Total energy applications;2016;2635;0,13
Aerothermal heat;Total energy applications;2017;3529;0,17
Aerothermal heat;Total energy applications;2018;4668;0,22
Aerothermal heat;Total energy applications;2019;6167;0,3
Aerothermal heat;Total energy applications;2020;8012;0,41
Aerothermal heat;Total energy applications;2021**;10680;0,53
Aerothermal heat;Total energy applications;2022*;14467;0,78
Total biomass;Total energy applications;1990;21163;1,16
Total biomass;Total energy applications;1991;21755;1,12
Total biomass;Total energy applications;1992;22187;1,16
Total biomass;Total energy applications;1993;22788;1,15
Total biomass;Total energy applications;1994;22929;1,17
Total biomass;Total energy applications;1995;23720;1,17
Total biomass;Total energy applications;1996;25786;1,17
Total biomass;Total energy applications;1997;28396;1,34
Total biomass;Total energy applications;1998;29060;1,37
Total biomass;Total energy applications;1999;30081;1,45
Total biomass;Total energy applications;2000;30989;1,45
Total biomass;Total energy applications;2001;32469;1,49
Total biomass;Total energy applications;2002;35113;1,62
Total biomass;Total energy applications;2003;34262;1,55
Total biomass;Total energy applications;2004;39396;1,69
Total biomass;Total energy applications;2005;47907;2,08
Total biomass;Total energy applications;2006;52156;2,28
Total biomass;Total energy applications;2007;60188;2,68
Total biomass;Total energy applications;2008;64823;2,84
Total biomass;Total energy applications;2009;73747;3,36
Total biomass;Total energy applications;2010;71605;3,03
Total biomass;Total energy applications;2011;76881;3,51
Total biomass;Total energy applications;2012;78470;3,56
Total biomass;Total energy applications;2013;75825;3,44
Total biomass;Total energy applications;2014;77317;3,85
Total biomass;Total energy applications;2015;78707;3,85
Total biomass;Total energy applications;2016;75469;3,61
Total biomass;Total energy applications;2017;82029;3,9
Total biomass;Total energy applications;2018;92566;4,37
Total biomass;Total energy applications;2019;108445;5,22
Total biomass;Total energy applications;2020;120444;6,2
Total biomass;Total energy applications;2021**;126735;6,32
Total biomass;Total energy applications;2022*;110146;5,96
"Municipal waste; renewable fraction";Total energy applications;1990;4145;0,23
"Municipal waste; renewable fraction";Total energy applications;1991;4351;0,22
"Municipal waste; renewable fraction";Total energy applications;1992;4289;0,22
"Municipal waste; renewable fraction";Total energy applications;1993;4467;0,22
"Municipal waste; renewable fraction";Total energy applications;1994;4104;0,21
"Municipal waste; renewable fraction";Total energy applications;1995;4300;0,21
"Municipal waste; renewable fraction";Total energy applications;1996;5692;0,26
"Municipal waste; renewable fraction";Total energy applications;1997;8227;0,39
"Municipal waste; renewable fraction";Total energy applications;1998;8724;0,41
"Municipal waste; renewable fraction";Total energy applications;1999;9090;0,44
"Municipal waste; renewable fraction";Total energy applications;2000;9126;0,43
"Municipal waste; renewable fraction";Total energy applications;2001;9010;0,41
"Municipal waste; renewable fraction";Total energy applications;2002;9365;0,43
"Municipal waste; renewable fraction";Total energy applications;2003;9272;0,42
"Municipal waste; renewable fraction";Total energy applications;2004;9441;0,41
"Municipal waste; renewable fraction";Total energy applications;2005;9798;0,43
"Municipal waste; renewable fraction";Total energy applications;2006;10646;0,47
"Municipal waste; renewable fraction";Total energy applications;2007;10988;0,49
"Municipal waste; renewable fraction";Total energy applications;2008;11711;0,51
"Municipal waste; renewable fraction";Total energy applications;2009;13135;0,6
"Municipal waste; renewable fraction";Total energy applications;2010;14056;0,6
"Municipal waste; renewable fraction";Total energy applications;2011;16393;0,75
"Municipal waste; renewable fraction";Total energy applications;2012;17857;0,81
"Municipal waste; renewable fraction";Total energy applications;2013;18526;0,84
"Municipal waste; renewable fraction";Total energy applications;2014;18628;0,93
"Municipal waste; renewable fraction";Total energy applications;2015;20711;1,01
"Municipal waste; renewable fraction";Total energy applications;2016;20004;0,96
"Municipal waste; renewable fraction";Total energy applications;2017;19941;0,95
"Municipal waste; renewable fraction";Total energy applications;2018;16588;0,78
"Municipal waste; renewable fraction";Total energy applications;2019;16647;0,8
"Municipal waste; renewable fraction";Total energy applications;2020;17018;0,88
"Municipal waste; renewable fraction";Total energy applications;2021**;18418;0,92
"Municipal waste; renewable fraction";Total energy applications;2022*;18347;0,99
Co-firing of biomass in electr. plants;Total energy applications;1990;;
Co-firing of biomass in electr. plants;Total energy applications;1991;;
Co-firing of biomass in electr. plants;Total energy applications;1992;;
Co-firing of biomass in electr. plants;Total energy applications;1993;;
Co-firing of biomass in electr. plants;Total energy applications;1994;;
Co-firing of biomass in electr. plants;Total energy applications;1995;16;0
Co-firing of biomass in electr. plants;Total energy applications;1996;157;0,01
Co-firing of biomass in electr. plants;Total energy applications;1997;150;0,01
Co-firing of biomass in electr. plants;Total energy applications;1998;394;0,02
Co-firing of biomass in electr. plants;Total energy applications;1999;608;0,03
Co-firing of biomass in electr. plants;Total energy applications;2000;763;0,04
Co-firing of biomass in electr. plants;Total energy applications;2001;2186;0,1
Co-firing of biomass in electr. plants;Total energy applications;2002;4306;0,2
Co-firing of biomass in electr. plants;Total energy applications;2003;2942;0,13
Co-firing of biomass in electr. plants;Total energy applications;2004;6116;0,26
Co-firing of biomass in electr. plants;Total energy applications;2005;13109;0,57
Co-firing of biomass in electr. plants;Total energy applications;2006;12230;0,54
Co-firing of biomass in electr. plants;Total energy applications;2007;7359;0,33
Co-firing of biomass in electr. plants;Total energy applications;2008;8883;0,39
Co-firing of biomass in electr. plants;Total energy applications;2009;10353;0,47
Co-firing of biomass in electr. plants;Total energy applications;2010;12920;0,55
Co-firing of biomass in electr. plants;Total energy applications;2011;12377;0,56
Co-firing of biomass in electr. plants;Total energy applications;2012;11290;0,51
Co-firing of biomass in electr. plants;Total energy applications;2013;6948;0,32
Co-firing of biomass in electr. plants;Total energy applications;2014;3574;0,18
Co-firing of biomass in electr. plants;Total energy applications;2015;1884;0,09
Co-firing of biomass in electr. plants;Total energy applications;2016;1629;0,08
Co-firing of biomass in electr. plants;Total energy applications;2017;2335;0,11
Co-firing of biomass in electr. plants;Total energy applications;2018;2886;0,14
Co-firing of biomass in electr. plants;Total energy applications;2019;7925;0,38
Co-firing of biomass in electr. plants;Total energy applications;2020;19687;1,01
Co-firing of biomass in electr. plants;Total energy applications;2021**;27747;1,38
Co-firing of biomass in electr. plants;Total energy applications;2022*;22278;1,21
Total biomass households;Total energy applications;1990;12851;0,71
Total biomass households;Total energy applications;1991;12776;0,66
Total biomass households;Total energy applications;1992;12816;0,67
Total biomass households;Total energy applications;1993;12944;0,65
Total biomass households;Total energy applications;1994;13127;0,67
Total biomass households;Total energy applications;1995;13347;0,66
Total biomass households;Total energy applications;1996;13744;0,62
Total biomass households;Total energy applications;1997;13851;0,65
Total biomass households;Total energy applications;1998;13940;0,66
Total biomass households;Total energy applications;1999;13999;0,67
Total biomass households;Total energy applications;2000;14027;0,66
Total biomass households;Total energy applications;2001;13938;0,64
Total biomass households;Total energy applications;2002;13856;0,64
Total biomass households;Total energy applications;2003;14186;0,64
Total biomass households;Total energy applications;2004;14901;0,64
Total biomass households;Total energy applications;2005;15664;0,68
Total biomass households;Total energy applications;2006;16394;0,72
Total biomass households;Total energy applications;2007;16377;0,73
Total biomass households;Total energy applications;2008;16522;0,72
Total biomass households;Total energy applications;2009;16763;0,76
Total biomass households;Total energy applications;2010;17099;0,72
Total biomass households;Total energy applications;2011;17414;0,79
Total biomass households;Total energy applications;2012;16938;0,77
Total biomass households;Total energy applications;2013;17012;0,77
Total biomass households;Total energy applications;2014;16898;0,84
Total biomass households;Total energy applications;2015;16743;0,82
Total biomass households;Total energy applications;2016;16569;0,79
Total biomass households;Total energy applications;2017;16432;0,78
Total biomass households;Total energy applications;2018;16446;0,78
Total biomass households;Total energy applications;2019;16278;0,78
Total biomass households;Total energy applications;2020;16168;0,83
Total biomass households;Total energy applications;2021**;16188;0,81
Total biomass households;Total energy applications;2022*;16195;0,88
Biomass households, open fireplaces;Total energy applications;1990;3834;0,21
Biomass households, open fireplaces;Total energy applications;1991;3762;0,19
Biomass households, open fireplaces;Total energy applications;1992;3688;0,19
Biomass households, open fireplaces;Total energy applications;1993;3612;0,18
Biomass households, open fireplaces;Total energy applications;1994;3535;0,18
Biomass households, open fireplaces;Total energy applications;1995;3457;0,17
Biomass households, open fireplaces;Total energy applications;1996;3399;0,15
Biomass households, open fireplaces;Total energy applications;1997;3341;0,16
Biomass households, open fireplaces;Total energy applications;1998;3282;0,15
Biomass households, open fireplaces;Total energy applications;1999;3224;0,16
Biomass households, open fireplaces;Total energy applications;2000;3165;0,15
Biomass households, open fireplaces;Total energy applications;2001;3127;0,14
Biomass households, open fireplaces;Total energy applications;2002;3090;0,14
Biomass households, open fireplaces;Total energy applications;2003;3050;0,14
Biomass households, open fireplaces;Total energy applications;2004;3011;0,13
Biomass households, open fireplaces;Total energy applications;2005;2972;0,13
Biomass households, open fireplaces;Total energy applications;2006;2952;0,13
Biomass households, open fireplaces;Total energy applications;2007;2938;0,13
Biomass households, open fireplaces;Total energy applications;2008;2856;0,13
Biomass households, open fireplaces;Total energy applications;2009;2777;0,13
Biomass households, open fireplaces;Total energy applications;2010;2700;0,11
Biomass households, open fireplaces;Total energy applications;2011;2624;0,12
Biomass households, open fireplaces;Total energy applications;2012;2549;0,12
Biomass households, open fireplaces;Total energy applications;2013;2472;0,11
Biomass households, open fireplaces;Total energy applications;2014;2397;0,12
Biomass households, open fireplaces;Total energy applications;2015;2322;0,11
Biomass households, open fireplaces;Total energy applications;2016;2247;0,11
Biomass households, open fireplaces;Total energy applications;2017;2174;0,1
Biomass households, open fireplaces;Total energy applications;2018;2103;0,1
Biomass households, open fireplaces;Total energy applications;2019;2008;0,1
Biomass households, open fireplaces;Total energy applications;2020;1917;0,1
Biomass households, open fireplaces;Total energy applications;2021**;1844;0,09
Biomass households, open fireplaces;Total energy applications;2022*;1774;0,1
Biomass households, inserts;Total energy applications;1990;2612;0,14
Biomass households, inserts;Total energy applications;1991;2988;0,15
Biomass households, inserts;Total energy applications;1992;3460;0,18
Biomass households, inserts;Total energy applications;1993;3991;0,2
Biomass households, inserts;Total energy applications;1994;4556;0,23
Biomass households, inserts;Total energy applications;1995;5141;0,25
Biomass households, inserts;Total energy applications;1996;5379;0,24
Biomass households, inserts;Total energy applications;1997;5344;0,25
Biomass households, inserts;Total energy applications;1998;5296;0,25
Biomass households, inserts;Total energy applications;1999;5238;0,25
Biomass households, inserts;Total energy applications;2000;5171;0,24
Biomass households, inserts;Total energy applications;2001;5088;0,23
Biomass households, inserts;Total energy applications;2002;4998;0,23
Biomass households, inserts;Total energy applications;2003;4894;0,22
Biomass households, inserts;Total energy applications;2004;4785;0,21
Biomass households, inserts;Total energy applications;2005;4672;0,2
Biomass households, inserts;Total energy applications;2006;4483;0,2
Biomass households, inserts;Total energy applications;2007;4295;0,19
Biomass households, inserts;Total energy applications;2008;4214;0,18
Biomass households, inserts;Total energy applications;2009;4154;0,19
Biomass households, inserts;Total energy applications;2010;4115;0,17
Biomass households, inserts;Total energy applications;2011;4080;0,19
Biomass households, inserts;Total energy applications;2012;3357;0,15
Biomass households, inserts;Total energy applications;2013;3157;0,14
Biomass households, inserts;Total energy applications;2014;3002;0,15
Biomass households, inserts;Total energy applications;2015;2849;0,14
Biomass households, inserts;Total energy applications;2016;2701;0,13
Biomass households, inserts;Total energy applications;2017;2562;0,12
Biomass households, inserts;Total energy applications;2018;2421;0,11
Biomass households, inserts;Total energy applications;2019;2265;0,11
Biomass households, inserts;Total energy applications;2020;2241;0,12
Biomass households, inserts;Total energy applications;2021**;2239;0,11
Biomass households, inserts;Total energy applications;2022*;2229;0,12
Biomass households, wood stoves;Total energy applications;1990;6135;0,34
Biomass households, wood stoves;Total energy applications;1991;5756;0,3
Biomass households, wood stoves;Total energy applications;1992;5398;0,28
Biomass households, wood stoves;Total energy applications;1993;5070;0,25
Biomass households, wood stoves;Total energy applications;1994;4766;0,24
Biomass households, wood stoves;Total energy applications;1995;4479;0,22
Biomass households, wood stoves;Total energy applications;1996;4695;0,21
Biomass households, wood stoves;Total energy applications;1997;4897;0,23
Biomass households, wood stoves;Total energy applications;1998;5091;0,24
Biomass households, wood stoves;Total energy applications;1999;5267;0,25
Biomass households, wood stoves;Total energy applications;2000;5421;0,25
Biomass households, wood stoves;Total energy applications;2001;5453;0,25
Biomass households, wood stoves;Total energy applications;2002;5498;0,25
Biomass households, wood stoves;Total energy applications;2003;5972;0,27
Biomass households, wood stoves;Total energy applications;2004;6835;0,29
Biomass households, wood stoves;Total energy applications;2005;7750;0,34
Biomass households, wood stoves;Total energy applications;2006;8689;0,38
Biomass households, wood stoves;Total energy applications;2007;8875;0,39
Biomass households, wood stoves;Total energy applications;2008;9182;0,4
Biomass households, wood stoves;Total energy applications;2009;9563;0,44
Biomass households, wood stoves;Total energy applications;2010;10013;0,42
Biomass households, wood stoves;Total energy applications;2011;10439;0,48
Biomass households, wood stoves;Total energy applications;2012;10763;0,49
Biomass households, wood stoves;Total energy applications;2013;11113;0,5
Biomass households, wood stoves;Total energy applications;2014;11120;0,55
Biomass households, wood stoves;Total energy applications;2015;11092;0,54
Biomass households, wood stoves;Total energy applications;2016;11040;0,53
Biomass households, wood stoves;Total energy applications;2017;10875;0,52
Biomass households, wood stoves;Total energy applications;2018;10713;0,51
Biomass households, wood stoves;Total energy applications;2019;10421;0,5
Biomass households, wood stoves;Total energy applications;2020;10059;0,52
Biomass households, wood stoves;Total energy applications;2021**;9780;0,49
Biomass households, wood stoves;Total energy applications;2022*;9738;0,53
Biomass households, pellet stoves;Total energy applications;1990;0;0
Biomass households, pellet stoves;Total energy applications;1991;0;0
Biomass households, pellet stoves;Total energy applications;1992;0;0
Biomass households, pellet stoves;Total energy applications;1993;0;0
Biomass households, pellet stoves;Total energy applications;1994;0;0
Biomass households, pellet stoves;Total energy applications;1995;0;0
Biomass households, pellet stoves;Total energy applications;1996;0;0
Biomass households, pellet stoves;Total energy applications;1997;0;0
Biomass households, pellet stoves;Total energy applications;1998;0;0
Biomass households, pellet stoves;Total energy applications;1999;0;0
Biomass households, pellet stoves;Total energy applications;2000;0;0
Biomass households, pellet stoves;Total energy applications;2001;0;0
Biomass households, pellet stoves;Total energy applications;2002;0;0
Biomass households, pellet stoves;Total energy applications;2003;0;0
Biomass households, pellet stoves;Total energy applications;2004;0;0
Biomass households, pellet stoves;Total energy applications;2005;0;0
Biomass households, pellet stoves;Total energy applications;2006;0;0
Biomass households, pellet stoves;Total energy applications;2007;0;0
Biomass households, pellet stoves;Total energy applications;2008;0;0
Biomass households, pellet stoves;Total energy applications;2009;0;0
Biomass households, pellet stoves;Total energy applications;2010;0;0
Biomass households, pellet stoves;Total energy applications;2011;0;0
Biomass households, pellet stoves;Total energy applications;2012;0;0
Biomass households, pellet stoves;Total energy applications;2013;0;0
Biomass households, pellet stoves;Total energy applications;2014;109;0,01
Biomass households, pellet stoves;Total energy applications;2015;211;0,01
Biomass households, pellet stoves;Total energy applications;2016;310;0,01
Biomass households, pellet stoves;Total energy applications;2017;551;0,03
Biomass households, pellet stoves;Total energy applications;2018;939;0,04
Biomass households, pellet stoves;Total energy applications;2019;1313;0,06
Biomass households, pellet stoves;Total energy applications;2020;1679;0,09
Biomass households, pellet stoves;Total energy applications;2021**;2053;0,1
Biomass households, pellet stoves;Total energy applications;2022*;2182;0,12
Biomass households, charcoal use;Total energy applications;1990;270;0,01
Biomass households, charcoal use;Total energy applications;1991;270;0,01
Biomass households, charcoal use;Total energy applications;1992;270;0,01
Biomass households, charcoal use;Total energy applications;1993;270;0,01
Biomass households, charcoal use;Total energy applications;1994;270;0,01
Biomass households, charcoal use;Total energy applications;1995;270;0,01
Biomass households, charcoal use;Total energy applications;1996;270;0,01
Biomass households, charcoal use;Total energy applications;1997;270;0,01
Biomass households, charcoal use;Total energy applications;1998;270;0,01
Biomass households, charcoal use;Total energy applications;1999;270;0,01
Biomass households, charcoal use;Total energy applications;2000;270;0,01
Biomass households, charcoal use;Total energy applications;2001;270;0,01
Biomass households, charcoal use;Total energy applications;2002;270;0,01
Biomass households, charcoal use;Total energy applications;2003;270;0,01
Biomass households, charcoal use;Total energy applications;2004;270;0,01
Biomass households, charcoal use;Total energy applications;2005;270;0,01
Biomass households, charcoal use;Total energy applications;2006;270;0,01
Biomass households, charcoal use;Total energy applications;2007;270;0,01
Biomass households, charcoal use;Total energy applications;2008;270;0,01
Biomass households, charcoal use;Total energy applications;2009;270;0,01
Biomass households, charcoal use;Total energy applications;2010;270;0,01
Biomass households, charcoal use;Total energy applications;2011;270;0,01
Biomass households, charcoal use;Total energy applications;2012;270;0,01
Biomass households, charcoal use;Total energy applications;2013;270;0,01
Biomass households, charcoal use;Total energy applications;2014;270;0,01
Biomass households, charcoal use;Total energy applications;2015;270;0,01
Biomass households, charcoal use;Total energy applications;2016;270;0,01
Biomass households, charcoal use;Total energy applications;2017;270;0,01
Biomass households, charcoal use;Total energy applications;2018;270;0,01
Biomass households, charcoal use;Total energy applications;2019;270;0,01
Biomass households, charcoal use;Total energy applications;2020;270;0,01
Biomass households, charcoal use;Total energy applications;2021**;270;0,01
Biomass households, charcoal use;Total energy applications;2022*;270;0,01
Biomass boilers companies, total;Total energy applications;1990;2082;0,11
Biomass boilers companies, total;Total energy applications;1991;2072;0,11
Biomass boilers companies, total;Total energy applications;1992;2059;0,11
Biomass boilers companies, total;Total energy applications;1993;2023;0,1
Biomass boilers companies, total;Total energy applications;1994;2105;0,11
Biomass boilers companies, total;Total energy applications;1995;2324;0,11
Biomass boilers companies, total;Total energy applications;1996;2318;0,11
Biomass boilers companies, total;Total energy applications;1997;2403;0,11
Biomass boilers companies, total;Total energy applications;1998;2389;0,11
Biomass boilers companies, total;Total energy applications;1999;2611;0,13
Biomass boilers companies, total;Total energy applications;2000;3243;0,15
Biomass boilers companies, total;Total energy applications;2001;3413;0,16
Biomass boilers companies, total;Total energy applications;2002;3670;0,17
Biomass boilers companies, total;Total energy applications;2003;3891;0,18
Biomass boilers companies, total;Total energy applications;2004;4868;0,21
Biomass boilers companies, total;Total energy applications;2005;5483;0,24
Biomass boilers companies, total;Total energy applications;2006;6999;0,31
Biomass boilers companies, total;Total energy applications;2007;7775;0,35
Biomass boilers companies, total;Total energy applications;2008;9798;0,43
Biomass boilers companies, total;Total energy applications;2009;10844;0,49
Biomass boilers companies, total;Total energy applications;2010;9914;0,42
Biomass boilers companies, total;Total energy applications;2011;9075;0,41
Biomass boilers companies, total;Total energy applications;2012;10257;0,47
Biomass boilers companies, total;Total energy applications;2013;10814;0,49
Biomass boilers companies, total;Total energy applications;2014;12875;0,64
Biomass boilers companies, total;Total energy applications;2015;15151;0,74
Biomass boilers companies, total;Total energy applications;2016;16256;0,78
Biomass boilers companies, total;Total energy applications;2017;19284;0,92
Biomass boilers companies, total;Total energy applications;2018;22484;1,06
Biomass boilers companies, total;Total energy applications;2019;26668;1,28
Biomass boilers companies, total;Total energy applications;2020;28756;1,48
Biomass boilers companies, total;Total energy applications;2021**;23773;1,19
Biomass boilers companies, total;Total energy applications;2022*;15821;0,86
Biomass boilers companies, CHP;Total energy applications;1990;357;0,02
Biomass boilers companies, CHP;Total energy applications;1991;347;0,02
Biomass boilers companies, CHP;Total energy applications;1992;304;0,02
Biomass boilers companies, CHP;Total energy applications;1993;237;0,01
Biomass boilers companies, CHP;Total energy applications;1994;289;0,01
Biomass boilers companies, CHP;Total energy applications;1995;378;0,02
Biomass boilers companies, CHP;Total energy applications;1996;306;0,01
Biomass boilers companies, CHP;Total energy applications;1997;326;0,02
Biomass boilers companies, CHP;Total energy applications;1998;261;0,01
Biomass boilers companies, CHP;Total energy applications;1999;415;0,02
Biomass boilers companies, CHP;Total energy applications;2000;1031;0,05
Biomass boilers companies, CHP;Total energy applications;2001;1145;0,05
Biomass boilers companies, CHP;Total energy applications;2002;1141;0,05
Biomass boilers companies, CHP;Total energy applications;2003;1055;0,05
Biomass boilers companies, CHP;Total energy applications;2004;1182;0,05
Biomass boilers companies, CHP;Total energy applications;2005;1378;0,06
Biomass boilers companies, CHP;Total energy applications;2006;1498;0,07
Biomass boilers companies, CHP;Total energy applications;2007;1630;0,07
Biomass boilers companies, CHP;Total energy applications;2008;3364;0,15
Biomass boilers companies, CHP;Total energy applications;2009;4332;0,2
Biomass boilers companies, CHP;Total energy applications;2010;4436;0,19
Biomass boilers companies, CHP;Total energy applications;2011;3853;0,18
Biomass boilers companies, CHP;Total energy applications;2012;4917;0,22
Biomass boilers companies, CHP;Total energy applications;2013;5340;0,24
Biomass boilers companies, CHP;Total energy applications;2014;5317;0,26
Biomass boilers companies, CHP;Total energy applications;2015;6459;0,32
Biomass boilers companies, CHP;Total energy applications;2016;6749;0,32
Biomass boilers companies, CHP;Total energy applications;2017;9461;0,45
Biomass boilers companies, CHP;Total energy applications;2018;11002;0,52
Biomass boilers companies, CHP;Total energy applications;2019;14100;0,68
Biomass boilers companies, CHP;Total energy applications;2020;14592;0,75
Biomass boilers companies, CHP;Total energy applications;2021**;10624;0,53
Biomass boilers companies, CHP;Total energy applications;2022*;5339;0,29
Biomass boilers companies, heat only;Total energy applications;1990;1725;0,09
Biomass boilers companies, heat only;Total energy applications;1991;1725;0,09
Biomass boilers companies, heat only;Total energy applications;1992;1755;0,09
Biomass boilers companies, heat only;Total energy applications;1993;1786;0,09
Biomass boilers companies, heat only;Total energy applications;1994;1816;0,09
Biomass boilers companies, heat only;Total energy applications;1995;1946;0,1
Biomass boilers companies, heat only;Total energy applications;1996;2012;0,09
Biomass boilers companies, heat only;Total energy applications;1997;2077;0,1
Biomass boilers companies, heat only;Total energy applications;1998;2128;0,1
Biomass boilers companies, heat only;Total energy applications;1999;2196;0,11
Biomass boilers companies, heat only;Total energy applications;2000;2212;0,1
Biomass boilers companies, heat only;Total energy applications;2001;2268;0,1
Biomass boilers companies, heat only;Total energy applications;2002;2529;0,12
Biomass boilers companies, heat only;Total energy applications;2003;2836;0,13
Biomass boilers companies, heat only;Total energy applications;2004;3686;0,16
Biomass boilers companies, heat only;Total energy applications;2005;4106;0,18
Biomass boilers companies, heat only;Total energy applications;2006;5501;0,24
Biomass boilers companies, heat only;Total energy applications;2007;6145;0,27
Biomass boilers companies, heat only;Total energy applications;2008;6434;0,28
Biomass boilers companies, heat only;Total energy applications;2009;6512;0,3
Biomass boilers companies, heat only;Total energy applications;2010;5477;0,23
Biomass boilers companies, heat only;Total energy applications;2011;5222;0,24
Biomass boilers companies, heat only;Total energy applications;2012;5340;0,24
Biomass boilers companies, heat only;Total energy applications;2013;5474;0,25
Biomass boilers companies, heat only;Total energy applications;2014;7558;0,38
Biomass boilers companies, heat only;Total energy applications;2015;8692;0,42
Biomass boilers companies, heat only;Total energy applications;2016;9508;0,45
Biomass boilers companies, heat only;Total energy applications;2017;9823;0,47
Biomass boilers companies, heat only;Total energy applications;2018;11482;0,54
Biomass boilers companies, heat only;Total energy applications;2019;12567;0,6
Biomass boilers companies, heat only;Total energy applications;2020;14163;0,73
Biomass boilers companies, heat only;Total energy applications;2021**;13149;0,66
Biomass boilers companies, heat only;Total energy applications;2022*;10481;0,57
Total biogas;Total energy applications;1990;2084;0,11
Total biogas;Total energy applications;1991;2557;0,13
Total biogas;Total energy applications;1992;3022;0,16
Total biogas;Total energy applications;1993;3354;0,17
Total biogas;Total energy applications;1994;3593;0,18
Total biogas;Total energy applications;1995;3733;0,18
Total biogas;Total energy applications;1996;3876;0,18
Total biogas;Total energy applications;1997;3765;0,18
Total biogas;Total energy applications;1998;3614;0,17
Total biogas;Total energy applications;1999;3773;0,18
Total biogas;Total energy applications;2000;3830;0,18
Total biogas;Total energy applications;2001;3920;0,18
Total biogas;Total energy applications;2002;3916;0,18
Total biogas;Total energy applications;2003;3835;0,17
Total biogas;Total energy applications;2004;3937;0,17
Total biogas;Total energy applications;2005;3752;0,16
Total biogas;Total energy applications;2006;4121;0,18
Total biogas;Total energy applications;2007;4658;0,21
Total biogas;Total energy applications;2008;5861;0,26
Total biogas;Total energy applications;2009;7047;0,32
Total biogas;Total energy applications;2010;8040;0,34
Total biogas;Total energy applications;2011;8184;0,37
Total biogas;Total energy applications;2012;8774;0,4
Total biogas;Total energy applications;2013;9601;0,44
Total biogas;Total energy applications;2014;10239;0,51
Total biogas;Total energy applications;2015;10903;0,53
Total biogas;Total energy applications;2016;10575;0,51
Total biogas;Total energy applications;2017;10554;0,5
Total biogas;Total energy applications;2018;11295;0,53
Total biogas;Total energy applications;2019;12489;0,6
Total biogas;Total energy applications;2020;14486;0,75
Total biogas;Total energy applications;2021**;12868;0,64
Total biogas;Total energy applications;2022*;10947;0,59
Biogas from landfills;Total energy applications;1990;227;0,01
Biogas from landfills;Total energy applications;1991;431;0,02
Biogas from landfills;Total energy applications;1992;942;0,05
Biogas from landfills;Total energy applications;1993;1057;0,05
Biogas from landfills;Total energy applications;1994;1184;0,06
Biogas from landfills;Total energy applications;1995;1256;0,06
Biogas from landfills;Total energy applications;1996;1323;0,06
Biogas from landfills;Total energy applications;1997;1057;0,05
Biogas from landfills;Total energy applications;1998;1094;0,05
Biogas from landfills;Total energy applications;1999;1121;0,05
Biogas from landfills;Total energy applications;2000;1113;0,05
Biogas from landfills;Total energy applications;2001;1059;0,05
Biogas from landfills;Total energy applications;2002;1106;0,05
Biogas from landfills;Total energy applications;2003;944;0,04
Biogas from landfills;Total energy applications;2004;903;0,04
Biogas from landfills;Total energy applications;2005;884;0,04
Biogas from landfills;Total energy applications;2006;846;0,04
Biogas from landfills;Total energy applications;2007;805;0,04
Biogas from landfills;Total energy applications;2008;808;0,04
Biogas from landfills;Total energy applications;2009;726;0,03
Biogas from landfills;Total energy applications;2010;659;0,03
Biogas from landfills;Total energy applications;2011;651;0,03
Biogas from landfills;Total energy applications;2012;552;0,03
Biogas from landfills;Total energy applications;2013;463;0,02
Biogas from landfills;Total energy applications;2014;443;0,02
Biogas from landfills;Total energy applications;2015;386;0,02
Biogas from landfills;Total energy applications;2016;307;0,01
Biogas from landfills;Total energy applications;2017;350;0,02
Biogas from landfills;Total energy applications;2018;279;0,01
Biogas from landfills;Total energy applications;2019;296;0,01
Biogas from landfills;Total energy applications;2020;263;0,01
Biogas from landfills;Total energy applications;2021**;262;0,01
Biogas from landfills;Total energy applications;2022*;264;0,01
Biogas from sewage water purification;Total energy applications;1990;1396;0,07
Biogas from sewage water purification;Total energy applications;1991;1573;0,08
Biogas from sewage water purification;Total energy applications;1992;1471;0,08
Biogas from sewage water purification;Total energy applications;1993;1668;0,08
Biogas from sewage water purification;Total energy applications;1994;1668;0,08
Biogas from sewage water purification;Total energy applications;1995;1660;0,08
Biogas from sewage water purification;Total energy applications;1996;1668;0,08
Biogas from sewage water purification;Total energy applications;1997;1761;0,08
Biogas from sewage water purification;Total energy applications;1998;1628;0,08
Biogas from sewage water purification;Total energy applications;1999;1725;0,08
Biogas from sewage water purification;Total energy applications;2000;1760;0,08
Biogas from sewage water purification;Total energy applications;2001;1889;0,09
Biogas from sewage water purification;Total energy applications;2002;1840;0,09
Biogas from sewage water purification;Total energy applications;2003;1816;0,08
Biogas from sewage water purification;Total energy applications;2004;1873;0,08
Biogas from sewage water purification;Total energy applications;2005;1750;0,08
Biogas from sewage water purification;Total energy applications;2006;1737;0,08
Biogas from sewage water purification;Total energy applications;2007;1733;0,08
Biogas from sewage water purification;Total energy applications;2008;1802;0,08
Biogas from sewage water purification;Total energy applications;2009;1821;0,08
Biogas from sewage water purification;Total energy applications;2010;1848;0,08
Biogas from sewage water purification;Total energy applications;2011;1920;0,09
Biogas from sewage water purification;Total energy applications;2012;1948;0,09
Biogas from sewage water purification;Total energy applications;2013;2040;0,09
Biogas from sewage water purification;Total energy applications;2014;2013;0,1
Biogas from sewage water purification;Total energy applications;2015;1948;0,1
Biogas from sewage water purification;Total energy applications;2016;2059;0,1
Biogas from sewage water purification;Total energy applications;2017;1991;0,09
Biogas from sewage water purification;Total energy applications;2018;2073;0,1
Biogas from sewage water purification;Total energy applications;2019;2186;0,11
Biogas from sewage water purification;Total energy applications;2020;2498;0,13
Biogas from sewage water purification;Total energy applications;2021**;2312;0,12
Biogas from sewage water purification;Total energy applications;2022*;2278;0,12
Biogas, co-digestion of manure;Total energy applications;1990;;
Biogas, co-digestion of manure;Total energy applications;1991;;
Biogas, co-digestion of manure;Total energy applications;1992;;
Biogas, co-digestion of manure;Total energy applications;1993;;
Biogas, co-digestion of manure;Total energy applications;1994;;
Biogas, co-digestion of manure;Total energy applications;1995;;
Biogas, co-digestion of manure;Total energy applications;1996;;
Biogas, co-digestion of manure;Total energy applications;1997;;
Biogas, co-digestion of manure;Total energy applications;1998;;
Biogas, co-digestion of manure;Total energy applications;1999;;
Biogas, co-digestion of manure;Total energy applications;2000;;
Biogas, co-digestion of manure;Total energy applications;2001;;
Biogas, co-digestion of manure;Total energy applications;2002;;
Biogas, co-digestion of manure;Total energy applications;2003;;
Biogas, co-digestion of manure;Total energy applications;2004;;
Biogas, co-digestion of manure;Total energy applications;2005;50;0
Biogas, co-digestion of manure;Total energy applications;2006;275;0,01
Biogas, co-digestion of manure;Total energy applications;2007;884;0,04
Biogas, co-digestion of manure;Total energy applications;2008;1879;0,08
Biogas, co-digestion of manure;Total energy applications;2009;2870;0,13
Biogas, co-digestion of manure;Total energy applications;2010;3402;0,14
Biogas, co-digestion of manure;Total energy applications;2011;3334;0,15
Biogas, co-digestion of manure;Total energy applications;2012;3663;0,17
Biogas, co-digestion of manure;Total energy applications;2013;3689;0,17
Biogas, co-digestion of manure;Total energy applications;2014;3903;0,19
Biogas, co-digestion of manure;Total energy applications;2015;4291;0,21
Biogas, co-digestion of manure;Total energy applications;2016;4194;0,2
Biogas, co-digestion of manure;Total energy applications;2017;4084;0,19
Biogas, co-digestion of manure;Total energy applications;2018;4474;0,21
Biogas, co-digestion of manure;Total energy applications;2019;5059;0,24
Biogas, co-digestion of manure;Total energy applications;2020;6101;0,31
Biogas, co-digestion of manure;Total energy applications;2021**;5566;0,28
Biogas, co-digestion of manure;Total energy applications;2022*;4595;0,25
Other biogas;Total energy applications;1990;461;0,03
Other biogas;Total energy applications;1991;554;0,03
Other biogas;Total energy applications;1992;609;0,03
Other biogas;Total energy applications;1993;629;0,03
Other biogas;Total energy applications;1994;741;0,04
Other biogas;Total energy applications;1995;816;0,04
Other biogas;Total energy applications;1996;885;0,04
Other biogas;Total energy applications;1997;947;0,04
Other biogas;Total energy applications;1998;891;0,04
Other biogas;Total energy applications;1999;926;0,04
Other biogas;Total energy applications;2000;957;0,04
Other biogas;Total energy applications;2001;972;0,04
Other biogas;Total energy applications;2002;971;0,04
Other biogas;Total energy applications;2003;1076;0,05
Other biogas;Total energy applications;2004;1162;0,05
Other biogas;Total energy applications;2005;1068;0,05
Other biogas;Total energy applications;2006;1264;0,06
Other biogas;Total energy applications;2007;1237;0,06
Other biogas;Total energy applications;2008;1372;0,06
Other biogas;Total energy applications;2009;1629;0,07
Other biogas;Total energy applications;2010;2131;0,09
Other biogas;Total energy applications;2011;2279;0,1
Other biogas;Total energy applications;2012;2610;0,12
Other biogas;Total energy applications;2013;3410;0,15
Other biogas;Total energy applications;2014;3880;0,19
Other biogas;Total energy applications;2015;4277;0,21
Other biogas;Total energy applications;2016;4016;0,19
Other biogas;Total energy applications;2017;4130;0,2
Other biogas;Total energy applications;2018;4469;0,21
Other biogas;Total energy applications;2019;4946;0,24
Other biogas;Total energy applications;2020;5622;0,29
Other biogas;Total energy applications;2021**;4727;0,24
Other biogas;Total energy applications;2022*;3807;0,21
Liquid biofuels for transport, total;Total energy applications;1990;;
Liquid biofuels for transport, total;Total energy applications;1991;;
Liquid biofuels for transport, total;Total energy applications;1992;;
Liquid biofuels for transport, total;Total energy applications;1993;;
Liquid biofuels for transport, total;Total energy applications;1994;;
Liquid biofuels for transport, total;Total energy applications;1995;;
Liquid biofuels for transport, total;Total energy applications;1996;;
Liquid biofuels for transport, total;Total energy applications;1997;;
Liquid biofuels for transport, total;Total energy applications;1998;;
Liquid biofuels for transport, total;Total energy applications;1999;;
Liquid biofuels for transport, total;Total energy applications;2000;;
Liquid biofuels for transport, total;Total energy applications;2001;;
Liquid biofuels for transport, total;Total energy applications;2002;;
Liquid biofuels for transport, total;Total energy applications;2003;134;0,01
Liquid biofuels for transport, total;Total energy applications;2004;134;0,01
Liquid biofuels for transport, total;Total energy applications;2005;101;0
Liquid biofuels for transport, total;Total energy applications;2006;1766;0,08
Liquid biofuels for transport, total;Total energy applications;2007;13031;0,58
Liquid biofuels for transport, total;Total energy applications;2008;12048;0,53
Liquid biofuels for transport, total;Total energy applications;2009;15606;0,71
Liquid biofuels for transport, total;Total energy applications;2010;9577;0,41
Liquid biofuels for transport, total;Total energy applications;2011;13438;0,61
Liquid biofuels for transport, total;Total energy applications;2012;13353;0,61
Liquid biofuels for transport, total;Total energy applications;2013;12924;0,59
Liquid biofuels for transport, total;Total energy applications;2014;15102;0,75
Liquid biofuels for transport, total;Total energy applications;2015;13315;0,65
Liquid biofuels for transport, total;Total energy applications;2016;10435;0,5
Liquid biofuels for transport, total;Total energy applications;2017;13483;0,64
Liquid biofuels for transport, total;Total energy applications;2018;22868;1,08
Liquid biofuels for transport, total;Total energy applications;2019;28437;1,37
Liquid biofuels for transport, total;Total energy applications;2020;24328;1,25
Liquid biofuels for transport, total;Total energy applications;2021**;27738;1,38
Liquid biofuels for transport, total;Total energy applications;2022*;26556;1,44
Biogasoline;Total energy applications;1990;;
Biogasoline;Total energy applications;1991;;
Biogasoline;Total energy applications;1992;;
Biogasoline;Total energy applications;1993;;
Biogasoline;Total energy applications;1994;;
Biogasoline;Total energy applications;1995;;
Biogasoline;Total energy applications;1996;;
Biogasoline;Total energy applications;1997;;
Biogasoline;Total energy applications;1998;;
Biogasoline;Total energy applications;1999;;
Biogasoline;Total energy applications;2000;;
Biogasoline;Total energy applications;2001;;
Biogasoline;Total energy applications;2002;;
Biogasoline;Total energy applications;2003;;
Biogasoline;Total energy applications;2004;;
Biogasoline;Total energy applications;2005;;
Biogasoline;Total energy applications;2006;798;0,03
Biogasoline;Total energy applications;2007;3687;0,16
Biogasoline;Total energy applications;2008;4524;0,2
Biogasoline;Total energy applications;2009;5771;0,26
Biogasoline;Total energy applications;2010;5614;0,24
Biogasoline;Total energy applications;2011;6231;0,28
Biogasoline;Total energy applications;2012;5211;0,24
Biogasoline;Total energy applications;2013;5210;0,24
Biogasoline;Total energy applications;2014;5379;0,27
Biogasoline;Total energy applications;2015;5950;0,29
Biogasoline;Total energy applications;2016;4752;0,23
Biogasoline;Total energy applications;2017;5399;0,26
Biogasoline;Total energy applications;2018;7146;0,34
Biogasoline;Total energy applications;2019;8320;0,4
Biogasoline;Total energy applications;2020;9480;0,49
Biogasoline;Total energy applications;2021**;9765;0,49
Biogasoline;Total energy applications;2022*;10512;0,57
Biodiesel;Total energy applications;1990;;
Biodiesel;Total energy applications;1991;;
Biodiesel;Total energy applications;1992;;
Biodiesel;Total energy applications;1993;;
Biodiesel;Total energy applications;1994;;
Biodiesel;Total energy applications;1995;;
Biodiesel;Total energy applications;1996;;
Biodiesel;Total energy applications;1997;;
Biodiesel;Total energy applications;1998;;
Biodiesel;Total energy applications;1999;;
Biodiesel;Total energy applications;2000;;
Biodiesel;Total energy applications;2001;;
Biodiesel;Total energy applications;2002;;
Biodiesel;Total energy applications;2003;134;0,01
Biodiesel;Total energy applications;2004;134;0,01
Biodiesel;Total energy applications;2005;101;0
Biodiesel;Total energy applications;2006;968;0,04
Biodiesel;Total energy applications;2007;9344;0,42
Biodiesel;Total energy applications;2008;7524;0,33
Biodiesel;Total energy applications;2009;9835;0,45
Biodiesel;Total energy applications;2010;3963;0,17
Biodiesel;Total energy applications;2011;7207;0,33
Biodiesel;Total energy applications;2012;8142;0,37
Biodiesel;Total energy applications;2013;7714;0,35
Biodiesel;Total energy applications;2014;9723;0,48
Biodiesel;Total energy applications;2015;7365;0,36
Biodiesel;Total energy applications;2016;5683;0,27
Biodiesel;Total energy applications;2017;8084;0,38
Biodiesel;Total energy applications;2018;15722;0,74
Biodiesel;Total energy applications;2019;20116;0,97
Biodiesel;Total energy applications;2020;14847;0,76
Biodiesel;Total energy applications;2021**;17973;0,9
Biodiesel;Total energy applications;2022*;16044;0,87
